id,date,category,amount,type,company
1,2025-05-10,зарплата,132138.54,доход,ООО ТехСофт
2,2025-06-17,путешествия,2530.78,расход,Booking.com
3,2025-05-18,развлечения,6881.96,расход,Netflix
4,2025-06-09,развлечения,6223.18,расход,Xbox Store
5,2025-07-19,еда,2706.62,расход,Пятёрочка
6,2025-06-03,путешествия,7139.22,расход,Hilton
7,2025-09-20,жильё,360.24,расход,Арендодатель
8,2025-08-23,транспорт,938.97,расход,Shell
9,2025-06-29,образование,1776.33,расход,Skillbox
10,2025-07-13,еда,8241.31,расход,Пятёрочка
11,2025-05-05,коммунальные,851.61,расход,ЖКУ Сервис
12,2025-05-01,развлечения,1581.69,расход,Xbox Store
13,2025-08-06,еда,9495.73,расход,KFC
14,2025-05-22,еда,3488.12,расход,Пятёрочка
15,2025-05-19,фриланс,67736.13,доход,Фриланс Платформа
16,2025-07-10,путешествия,8834.05,расход,Booking.com
17,2025-05-25,транспорт,1287.68,расход,Яндекс Такси
18,2025-10-06,жильё,1234.27,расход,Арендодатель
19,2025-06-28,одежда,4088.53,расход,ОдеждаМаркет
20,2025-05-05,развлечения,4383.93,расход,Cinemapark
21,2025-09-13,здоровье,1207.32,расход,Аптека 36.6
22,2025-05-26,жильё,386.31,расход,Арендодатель
23,2025-10-03,путешествия,6154.0,расход,Aeroflot
24,2025-07-04,еда,3916.67,расход,Магнит
25,2025-09-19,образование,9798.0,расход,Coursera
26,2025-09-15,здоровье,7937.52,расход,Аптека 36.6
27,2025-09-21,жильё,9723.15,расход,Арендодатель
28,2025-06-13,жильё,5461.85,расход,Арендодатель
29,2025-07-20,зарплата,22845.91,доход,ООО ТехСофт
30,2025-09-21,транспорт,3444.18,расход,Газпромнефть
31,2025-08-30,еда,3750.93,расход,Магнит
32,2025-08-13,образование,4404.34,расход,Coursera
33,2025-08-02,здоровье,8386.0,расход,Аптека 36.6
34,2025-06-12,одежда,4300.7,расход,ОдеждаМаркет
35,2025-09-07,одежда,6581.85,расход,ОдеждаМаркет
36,2025-07-03,инвестиции,109521.12,доход,Инвест Компани
37,2025-07-12,зарплата,106031.5,доход,Компания Ромашка
38,2025-10-03,путешествия,3565.09,расход,Aeroflot
39,2025-09-05,еда,3668.35,расход,KFC
40,2025-09-18,фриланс,65298.68,доход,Фриланс Платформа
41,2025-10-15,путешествия,1788.54,расход,Booking.com
42,2025-06-20,развлечения,8254.22,расход,Cinemapark
43,2025-08-09,подарки,124177.69,доход,Подарки Импорт
44,2025-05-29,одежда,1416.46,расход,ОдеждаМаркет
45,2025-08-07,развлечения,3546.26,расход,Cinemapark
46,2025-07-19,одежда,5807.31,расход,ОдеждаМаркет
47,2025-05-07,еда,1618.48,расход,KFC
48,2025-05-25,образование,4692.89,расход,Udemy
49,2025-07-28,фриланс,72602.73,доход,Фриланс Платформа
50,2025-09-15,путешествия,7428.68,расход,Booking.com
51,2025-10-04,путешествия,2410.87,расход,Hilton
52,2025-05-29,еда,9489.33,расход,Магнит
53,2025-04-27,еда,5430.27,расход,Пятёрочка
54,2025-05-01,еда,3468.84,расход,Пятёрочка
55,2025-05-27,инвестиции,11451.6,доход,Инвест Компани
56,2025-09-24,транспорт,9567.99,расход,Shell
57,2025-05-27,коммунальные,7104.63,расход,ЖКУ Сервис
58,2025-06-12,развлечения,5787.71,расход,Cinemapark
59,2025-05-11,подарки,119443.92,доход,Подарки Импорт
60,2025-09-13,путешествия,9852.27,расход,Booking.com
61,2025-10-09,жильё,3100.04,расход,Арендодатель
62,2025-09-27,еда,8480.61,расход,Пятёрочка
63,2025-06-20,путешествия,6718.58,расход,Booking.com
64,2025-07-10,еда,6786.6,расход,KFC
65,2025-05-25,здоровье,198.74,расход,Doc+ Clinic
66,2025-08-20,путешествия,6983.3,расход,Hilton
67,2025-08-05,жильё,6184.41,расход,Арендодатель
68,2025-07-12,одежда,7034.36,расход,ОдеждаМаркет
69,2025-09-30,зарплата,52724.81,доход,Компания Ромашка
70,2025-10-18,развлечения,5468.17,расход,Netflix
71,2025-06-13,одежда,7393.3,расход,ОдеждаМаркет
72,2025-06-06,здоровье,247.64,расход,Аптека 36.6
73,2025-09-17,зарплата,121078.37,доход,ООО ТехСофт
74,2025-09-10,транспорт,6433.16,расход,Shell
75,2025-06-09,развлечения,2288.15,расход,Cinemapark
76,2025-09-09,образование,2876.17,расход,Coursera
77,2025-08-25,здоровье,920.6,расход,Doc+ Clinic
78,2025-09-06,еда,9228.17,расход,Пятёрочка
79,2025-07-02,путешествия,654.4,расход,Hilton
80,2025-10-13,жильё,4082.37,расход,Арендодатель
81,2025-05-23,развлечения,7256.99,расход,Netflix
82,2025-07-07,еда,3126.86,расход,Магнит
83,2025-05-22,фриланс,143666.77,доход,Фриланс Платформа
84,2025-09-01,жильё,5542.24,расход,Арендодатель
85,2025-10-05,путешествия,6313.38,расход,Hilton
86,2025-08-31,инвестиции,139118.32,доход,Инвест Компани
87,2025-10-02,здоровье,2987.06,расход,Doc+ Clinic
88,2025-06-03,одежда,5747.04,расход,ОдеждаМаркет
89,2025-07-23,здоровье,6816.99,расход,Doc+ Clinic
90,2025-07-21,транспорт,5255.77,расход,Яндекс Такси
91,2025-09-10,здоровье,8652.23,расход,Doc+ Clinic
92,2025-09-18,инвестиции,6894.51,доход,Инвест Компани
93,2025-09-14,образование,1359.86,расход,Coursera
94,2025-06-22,здоровье,4943.12,расход,Аптека 36.6
95,2025-06-25,подарки,8723.18,доход,Подарки Импорт
96,2025-09-19,развлечения,4981.26,расход,Netflix
97,2025-06-14,одежда,716.05,расход,ОдеждаМаркет
98,2025-09-20,коммунальные,8013.71,расход,ЖКУ Сервис
99,2025-09-13,еда,7956.44,расход,KFC
100,2025-08-03,подарки,108089.21,доход,Подарки Импорт
101,2025-09-23,еда,9903.78,расход,Магнит
102,2025-09-17,развлечения,1792.26,расход,Netflix
103,2025-05-06,подарки,87511.59,доход,Подарки Импорт
104,2025-05-28,еда,4650.44,расход,Пятёрочка
105,2025-08-29,жильё,742.25,расход,Арендодатель
106,2025-09-16,подарки,11746.96,доход,Подарки Импорт
107,2025-06-04,коммунальные,9780.15,расход,ЖКУ Сервис
108,2025-10-15,здоровье,6932.96,расход,Doc+ Clinic
109,2025-09-02,одежда,7668.69,расход,ОдеждаМаркет
110,2025-06-20,еда,1726.75,расход,Пятёрочка
111,2025-07-29,развлечения,3644.49,расход,Netflix
112,2025-07-06,образование,3702.26,расход,Udemy
113,2025-08-02,путешествия,8607.97,расход,Hilton
114,2025-08-12,транспорт,3520.89,расход,Яндекс Такси
115,2025-10-07,жильё,9717.39,расход,Арендодатель
116,2025-07-14,здоровье,5514.93,расход,Doc+ Clinic
117,2025-05-03,образование,5844.71,расход,Skillbox
118,2025-09-15,подарки,144847.35,доход,Подарки Импорт
119,2025-07-09,одежда,6348.5,расход,ОдеждаМаркет
120,2025-07-27,еда,3531.87,расход,Пятёрочка
121,2025-05-16,здоровье,291.73,расход,Аптека 36.6
122,2025-07-16,зарплата,128034.96,доход,ООО ТехСофт
123,2025-08-20,зарплата,26509.14,доход,ООО ТехСофт
124,2025-08-21,инвестиции,1158.09,доход,Инвест Компани
125,2025-06-28,развлечения,3137.19,расход,Xbox Store
126,2025-05-29,одежда,9970.18,расход,ОдеждаМаркет
127,2025-09-15,путешествия,6704.43,расход,Hilton
128,2025-05-05,развлечения,3513.94,расход,Cinemapark
129,2025-09-16,еда,6347.17,расход,Магнит
130,2025-06-02,транспорт,6672.68,расход,Shell
131,2025-05-01,здоровье,8006.07,расход,Doc+ Clinic
132,2025-06-23,здоровье,7525.06,расход,Doc+ Clinic
133,2025-07-05,транспорт,3131.69,расход,Газпромнефть
134,2025-10-01,развлечения,7655.22,расход,Cinemapark
135,2025-10-13,жильё,7246.43,расход,Арендодатель
136,2025-06-24,одежда,6791.99,расход,ОдеждаМаркет
137,2025-10-09,коммунальные,9504.58,расход,ЖКУ Сервис
138,2025-09-11,коммунальные,3239.73,расход,ЖКУ Сервис
139,2025-10-04,фриланс,123622.4,доход,Фриланс Платформа
140,2025-10-14,образование,6162.57,расход,Coursera
141,2025-07-10,образование,7531.7,расход,Coursera
142,2025-06-28,еда,5308.67,расход,Магнит
143,2025-06-17,жильё,2692.57,расход,Арендодатель
144,2025-08-27,путешествия,8510.42,расход,Booking.com
145,2025-09-28,одежда,2396.08,расход,ОдеждаМаркет
146,2025-08-06,еда,4514.65,расход,KFC
147,2025-08-06,здоровье,6568.73,расход,Doc+ Clinic
148,2025-07-17,зарплата,23720.84,доход,Компания Ромашка
149,2025-10-18,коммунальные,2079.05,расход,ЖКУ Сервис
150,2025-06-06,инвестиции,147740.12,доход,Инвест Компани
151,2025-09-05,инвестиции,113867.73,доход,Инвест Компани
152,2025-09-16,одежда,9031.71,расход,ОдеждаМаркет
153,2025-10-17,еда,9638.09,расход,KFC
154,2025-05-13,одежда,6294.49,расход,ОдеждаМаркет
155,2025-06-08,жильё,2585.5,расход,Арендодатель
156,2025-06-05,инвестиции,101750.89,доход,Инвест Компани
157,2025-06-27,транспорт,741.05,расход,Shell
158,2025-08-04,образование,3429.44,расход,Udemy
159,2025-08-14,образование,5004.72,расход,Skillbox
160,2025-06-10,еда,2792.6,расход,KFC
161,2025-10-16,транспорт,4292.93,расход,Яндекс Такси
162,2025-05-01,путешествия,439.3,расход,Hilton
163,2025-07-19,путешествия,7117.1,расход,Booking.com
164,2025-08-03,развлечения,9992.51,расход,Netflix
165,2025-08-18,путешествия,6907.34,расход,Booking.com
166,2025-05-25,образование,8626.71,расход,Skillbox
167,2025-07-27,еда,7266.53,расход,Магнит
168,2025-10-09,здоровье,395.07,расход,Doc+ Clinic
169,2025-08-30,зарплата,54010.77,доход,Компания Ромашка
170,2025-07-12,развлечения,5271.34,расход,Cinemapark
171,2025-09-24,фриланс,139095.49,доход,Фриланс Платформа
172,2025-09-15,образование,9589.16,расход,Coursera
173,2025-08-02,подарки,28569.74,доход,Подарки Импорт
174,2025-10-16,подарки,15662.81,доход,Подарки Импорт
175,2025-07-19,коммунальные,9956.75,расход,ЖКУ Сервис
176,2025-08-15,транспорт,2898.36,расход,Газпромнефть
177,2025-06-05,коммунальные,300.36,расход,ЖКУ Сервис
178,2025-06-21,зарплата,113154.16,доход,ООО ТехСофт
179,2025-08-05,зарплата,20210.12,доход,Компания Ромашка
180,2025-05-30,одежда,1759.56,расход,ОдеждаМаркет
181,2025-05-08,зарплата,81944.96,доход,ООО ТехСофт
182,2025-05-28,транспорт,6473.46,расход,Яндекс Такси
183,2025-09-29,коммунальные,5294.97,расход,ЖКУ Сервис
184,2025-05-29,образование,7896.39,расход,Skillbox
185,2025-10-19,образование,2934.22,расход,Udemy
186,2025-09-08,коммунальные,3759.22,расход,ЖКУ Сервис
187,2025-08-23,зарплата,120178.31,доход,ООО ТехСофт
188,2025-06-16,одежда,4059.21,расход,ОдеждаМаркет
189,2025-07-25,путешествия,7848.29,расход,Hilton
190,2025-10-16,зарплата,128281.87,доход,ООО ТехСофт
191,2025-05-31,подарки,120741.27,доход,Подарки Импорт
192,2025-09-13,коммунальные,2162.2,расход,ЖКУ Сервис
193,2025-10-01,одежда,8815.59,расход,ОдеждаМаркет
194,2025-06-20,образование,7480.39,расход,Skillbox
195,2025-05-17,фриланс,10809.76,доход,Фриланс Платформа
196,2025-07-17,путешествия,704.46,расход,Aeroflot
197,2025-09-15,жильё,3694.89,расход,Арендодатель
198,2025-04-27,зарплата,82837.92,доход,ООО ТехСофт
199,2025-06-05,путешествия,2443.72,расход,Booking.com
200,2025-06-03,развлечения,9698.43,расход,Netflix
201,2025-06-16,транспорт,7791.05,расход,Shell
202,2025-09-18,развлечения,4536.88,расход,Netflix
203,2025-05-24,фриланс,110948.54,доход,Фриланс Платформа
204,2025-08-22,еда,3133.26,расход,Пятёрочка
205,2025-07-05,развлечения,9810.56,расход,Xbox Store
206,2025-06-28,путешествия,9348.52,расход,Hilton
207,2025-06-02,жильё,3215.2,расход,Арендодатель
208,2025-06-21,жильё,4513.92,расход,Арендодатель
209,2025-04-30,подарки,94607.47,доход,Подарки Импорт
210,2025-07-18,одежда,5486.5,расход,ОдеждаМаркет
211,2025-05-18,транспорт,4747.27,расход,Газпромнефть
212,2025-08-28,зарплата,42873.11,доход,Компания Ромашка
213,2025-06-27,фриланс,87920.42,доход,Фриланс Платформа
214,2025-09-20,коммунальные,1492.14,расход,ЖКУ Сервис
215,2025-05-15,образование,2293.3,расход,Udemy
216,2025-09-05,путешествия,8528.63,расход,Booking.com
217,2025-09-10,жильё,6506.98,расход,Арендодатель
218,2025-06-14,жильё,3844.83,расход,Арендодатель
219,2025-05-30,инвестиции,9167.65,доход,Инвест Компани
220,2025-05-27,еда,317.73,расход,Магнит
221,2025-05-06,транспорт,317.49,расход,Яндекс Такси
222,2025-07-05,коммунальные,6677.9,расход,ЖКУ Сервис
223,2025-10-21,образование,1468.05,расход,Skillbox
224,2025-08-18,подарки,28217.78,доход,Подарки Импорт
225,2025-08-30,коммунальные,3300.17,расход,ЖКУ Сервис
226,2025-07-19,зарплата,9956.2,доход,ООО ТехСофт
227,2025-05-31,подарки,82833.77,доход,Подарки Импорт
228,2025-10-03,жильё,3574.44,расход,Арендодатель
229,2025-08-08,транспорт,761.22,расход,Газпромнефть
230,2025-06-28,развлечения,3443.29,расход,Cinemapark
231,2025-09-05,путешествия,3662.38,расход,Booking.com
232,2025-05-14,здоровье,3390.04,расход,Doc+ Clinic
233,2025-04-25,образование,5678.38,расход,Udemy
234,2025-10-06,транспорт,1271.6,расход,Газпромнефть
235,2025-07-11,еда,1931.89,расход,Пятёрочка
236,2025-07-15,развлечения,2534.98,расход,Cinemapark
237,2025-05-24,путешествия,1421.2,расход,Booking.com
238,2025-07-18,коммунальные,313.13,расход,ЖКУ Сервис
239,2025-08-29,развлечения,4111.14,расход,Cinemapark
240,2025-06-05,зарплата,16108.98,доход,ООО ТехСофт
241,2025-05-21,еда,2227.86,расход,Пятёрочка
242,2025-05-07,еда,8992.55,расход,Магнит
243,2025-06-03,транспорт,9902.58,расход,Shell
244,2025-05-21,коммунальные,7490.12,расход,ЖКУ Сервис
245,2025-05-31,образование,5110.52,расход,Skillbox
246,2025-06-23,транспорт,4422.36,расход,Shell
247,2025-04-27,путешествия,2454.73,расход,Booking.com
248,2025-05-20,путешествия,6610.07,расход,Booking.com
249,2025-09-02,зарплата,21856.28,доход,ООО ТехСофт
250,2025-06-23,коммунальные,496.97,расход,ЖКУ Сервис
251,2025-05-18,подарки,101898.35,доход,Подарки Импорт
252,2025-05-12,образование,1043.81,расход,Coursera
253,2025-07-01,путешествия,1350.08,расход,Aeroflot
254,2025-09-17,зарплата,144412.66,доход,Компания Ромашка
255,2025-06-18,жильё,1567.25,расход,Арендодатель
256,2025-08-16,образование,3900.34,расход,Skillbox
257,2025-06-04,одежда,6983.78,расход,ОдеждаМаркет
258,2025-08-15,коммунальные,3443.2,расход,ЖКУ Сервис
259,2025-06-21,одежда,8646.61,расход,ОдеждаМаркет
260,2025-09-24,жильё,2932.11,расход,Арендодатель
261,2025-09-06,жильё,427.76,расход,Арендодатель
262,2025-08-01,жильё,1491.45,расход,Арендодатель
263,2025-08-13,жильё,7842.94,расход,Арендодатель
264,2025-08-16,подарки,108779.06,доход,Подарки Импорт
265,2025-05-21,образование,4488.9,расход,Udemy
266,2025-09-27,путешествия,5802.2,расход,Aeroflot
267,2025-05-11,еда,406.51,расход,Магнит
268,2025-10-18,еда,3142.08,расход,Магнит
269,2025-06-12,транспорт,1167.94,расход,Shell
270,2025-08-29,еда,6926.87,расход,KFC
271,2025-10-15,транспорт,1663.99,расход,Яндекс Такси
272,2025-06-22,транспорт,5904.64,расход,Shell
273,2025-05-30,коммунальные,9950.36,расход,ЖКУ Сервис
274,2025-09-16,инвестиции,36299.48,доход,Инвест Компани
275,2025-10-14,одежда,1625.53,расход,ОдеждаМаркет
276,2025-09-19,зарплата,122114.83,доход,ООО ТехСофт
277,2025-05-01,образование,9777.61,расход,Skillbox
278,2025-05-06,транспорт,4876.7,расход,Яндекс Такси
279,2025-05-13,инвестиции,101640.63,доход,Инвест Компани
280,2025-08-15,подарки,85499.19,доход,Подарки Импорт
281,2025-07-18,подарки,25700.62,доход,Подарки Импорт
282,2025-09-04,еда,1510.38,расход,Магнит
283,2025-08-02,коммунальные,3525.04,расход,ЖКУ Сервис
284,2025-07-30,фриланс,122042.5,доход,Фриланс Платформа
285,2025-06-13,путешествия,9488.51,расход,Aeroflot
286,2025-06-03,здоровье,4207.03,расход,Doc+ Clinic
287,2025-08-26,здоровье,3802.29,расход,Doc+ Clinic
288,2025-08-16,фриланс,110625.69,доход,Фриланс Платформа
289,2025-05-28,зарплата,134653.23,доход,ООО ТехСофт
290,2025-05-10,еда,5499.86,расход,Пятёрочка
291,2025-07-07,коммунальные,2706.66,расход,ЖКУ Сервис
292,2025-08-15,здоровье,7052.06,расход,Аптека 36.6
293,2025-09-24,образование,7478.29,расход,Coursera
294,2025-05-19,инвестиции,115772.23,доход,Инвест Компани
295,2025-08-29,жильё,9541.74,расход,Арендодатель
296,2025-08-16,инвестиции,35675.46,доход,Инвест Компани
297,2025-07-01,подарки,9948.96,доход,Подарки Импорт
298,2025-09-30,фриланс,73375.26,доход,Фриланс Платформа
299,2025-08-28,подарки,21030.65,доход,Подарки Импорт
300,2025-08-10,одежда,9846.35,расход,ОдеждаМаркет
301,2025-06-05,образование,8486.16,расход,Udemy
302,2025-08-25,одежда,6188.88,расход,ОдеждаМаркет
303,2025-04-25,одежда,8412.38,расход,ОдеждаМаркет
304,2025-09-17,коммунальные,3385.93,расход,ЖКУ Сервис
305,2025-05-19,жильё,8680.67,расход,Арендодатель
306,2025-05-22,транспорт,4223.2,расход,Яндекс Такси
307,2025-05-24,фриланс,91311.13,доход,Фриланс Платформа
308,2025-08-24,образование,3595.53,расход,Coursera
309,2025-09-09,инвестиции,104863.38,доход,Инвест Компани
310,2025-09-28,еда,1731.32,расход,Магнит
311,2025-06-15,транспорт,1744.81,расход,Газпромнефть
312,2025-09-06,инвестиции,13994.15,доход,Инвест Компани
313,2025-09-29,коммунальные,1114.84,расход,ЖКУ Сервис
314,2025-09-30,жильё,2820.1,расход,Арендодатель
315,2025-09-08,одежда,3247.53,расход,ОдеждаМаркет
316,2025-05-16,одежда,3641.56,расход,ОдеждаМаркет
317,2025-07-30,одежда,7852.9,расход,ОдеждаМаркет
318,2025-09-19,здоровье,570.9,расход,Doc+ Clinic
319,2025-05-10,путешествия,5071.86,расход,Booking.com
320,2025-06-14,зарплата,103862.42,доход,Компания Ромашка
321,2025-06-23,фриланс,84118.86,доход,Фриланс Платформа
322,2025-10-14,зарплата,19881.4,доход,Компания Ромашка
323,2025-07-03,развлечения,8772.22,расход,Netflix
324,2025-06-06,здоровье,205.59,расход,Doc+ Clinic
325,2025-07-14,жильё,2882.94,расход,Арендодатель
326,2025-05-13,путешествия,5065.52,расход,Hilton
327,2025-05-25,инвестиции,68852.24,доход,Инвест Компани
328,2025-04-27,одежда,9214.87,расход,ОдеждаМаркет
329,2025-09-10,коммунальные,5999.12,расход,ЖКУ Сервис
330,2025-10-04,еда,1609.67,расход,Пятёрочка
331,2025-05-07,путешествия,3733.65,расход,Aeroflot
332,2025-06-30,еда,2233.6,расход,Магнит
333,2025-10-17,развлечения,6053.56,расход,Cinemapark
334,2025-05-27,транспорт,3746.27,расход,Газпромнефть
335,2025-06-15,инвестиции,119866.88,доход,Инвест Компани
336,2025-06-10,транспорт,5645.93,расход,Яндекс Такси
337,2025-08-26,жильё,6117.37,расход,Арендодатель
338,2025-07-13,развлечения,2497.01,расход,Netflix
339,2025-05-20,коммунальные,3713.89,расход,ЖКУ Сервис
340,2025-05-10,фриланс,86633.05,доход,Фриланс Платформа
341,2025-05-15,транспорт,9230.81,расход,Shell
342,2025-07-12,фриланс,93541.24,доход,Фриланс Платформа
343,2025-09-30,здоровье,8119.35,расход,Doc+ Clinic
344,2025-09-07,развлечения,7005.92,расход,Cinemapark
345,2025-07-04,развлечения,8417.6,расход,Netflix
346,2025-06-14,инвестиции,16395.87,доход,Инвест Компани
347,2025-05-21,подарки,44440.95,доход,Подарки Импорт
348,2025-07-08,жильё,4940.01,расход,Арендодатель
349,2025-09-01,коммунальные,426.32,расход,ЖКУ Сервис
350,2025-05-24,еда,1619.52,расход,Пятёрочка
351,2025-04-26,здоровье,2566.21,расход,Doc+ Clinic
352,2025-06-04,образование,6670.85,расход,Udemy
353,2025-05-01,транспорт,5876.05,расход,Shell
354,2025-05-04,коммунальные,1759.02,расход,ЖКУ Сервис
355,2025-05-08,здоровье,1902.77,расход,Аптека 36.6
356,2025-10-13,здоровье,6058.85,расход,Doc+ Clinic
357,2025-10-04,жильё,9929.98,расход,Арендодатель
358,2025-09-17,одежда,5133.81,расход,ОдеждаМаркет
359,2025-09-26,транспорт,1284.34,расход,Shell
360,2025-09-03,коммунальные,5591.74,расход,ЖКУ Сервис
361,2025-07-09,еда,954.57,расход,Пятёрочка
362,2025-07-25,путешествия,1820.71,расход,Booking.com
363,2025-10-19,еда,9231.51,расход,Пятёрочка
364,2025-08-19,инвестиции,43263.81,доход,Инвест Компани
365,2025-06-25,инвестиции,101415.81,доход,Инвест Компани
366,2025-08-08,транспорт,9286.96,расход,Яндекс Такси
367,2025-06-22,транспорт,5275.06,расход,Яндекс Такси
368,2025-06-07,транспорт,3763.26,расход,Shell
369,2025-05-31,еда,6968.66,расход,Магнит
370,2025-08-21,коммунальные,480.22,расход,ЖКУ Сервис
371,2025-04-27,жильё,535.7,расход,Арендодатель
372,2025-05-27,путешествия,6276.95,расход,Hilton
373,2025-08-16,инвестиции,109335.1,доход,Инвест Компани
374,2025-04-27,образование,890.87,расход,Coursera
375,2025-08-12,жильё,1714.49,расход,Арендодатель
376,2025-06-10,образование,7069.94,расход,Coursera
377,2025-05-12,транспорт,1315.75,расход,Shell
378,2025-06-29,коммунальные,9869.31,расход,ЖКУ Сервис
379,2025-08-24,жильё,3050.66,расход,Арендодатель
380,2025-08-28,одежда,2919.47,расход,ОдеждаМаркет
381,2025-04-25,коммунальные,9803.01,расход,ЖКУ Сервис
382,2025-10-16,жильё,9005.18,расход,Арендодатель
383,2025-05-21,образование,4180.56,расход,Coursera
384,2025-07-12,образование,6006.64,расход,Coursera
385,2025-08-04,здоровье,4774.76,расход,Аптека 36.6
386,2025-06-12,образование,1639.7,расход,Coursera
387,2025-09-21,одежда,6325.35,расход,ОдеждаМаркет
388,2025-07-01,здоровье,4530.13,расход,Doc+ Clinic
389,2025-10-01,здоровье,4054.33,расход,Аптека 36.6
390,2025-06-14,инвестиции,59932.35,доход,Инвест Компани
391,2025-04-30,инвестиции,117907.9,доход,Инвест Компани
392,2025-05-11,жильё,5702.96,расход,Арендодатель
393,2025-09-27,образование,211.95,расход,Udemy
394,2025-07-21,коммунальные,9691.34,расход,ЖКУ Сервис
395,2025-09-25,коммунальные,8370.15,расход,ЖКУ Сервис
396,2025-08-30,инвестиции,23760.69,доход,Инвест Компани
397,2025-08-15,еда,9307.23,расход,KFC
398,2025-08-30,еда,1340.31,расход,Магнит
399,2025-08-13,образование,5069.9,расход,Udemy
400,2025-09-25,еда,7902.91,расход,Магнит
401,2025-09-15,коммунальные,1777.18,расход,ЖКУ Сервис
402,2025-07-19,коммунальные,8367.92,расход,ЖКУ Сервис
403,2025-10-17,фриланс,42876.93,доход,Фриланс Платформа
404,2025-10-22,здоровье,8731.82,расход,Аптека 36.6
405,2025-10-07,одежда,7473.19,расход,ОдеждаМаркет
406,2025-05-23,жильё,6966.38,расход,Арендодатель
407,2025-04-25,образование,721.71,расход,Skillbox
408,2025-05-18,коммунальные,7742.03,расход,ЖКУ Сервис
409,2025-05-08,образование,9000.74,расход,Coursera
410,2025-09-17,транспорт,8753.86,расход,Яндекс Такси
411,2025-06-27,подарки,129312.42,доход,Подарки Импорт
412,2025-09-27,здоровье,5862.71,расход,Аптека 36.6
413,2025-05-21,зарплата,72817.74,доход,ООО ТехСофт
414,2025-10-02,транспорт,5911.12,расход,Яндекс Такси
415,2025-08-28,здоровье,8935.33,расход,Аптека 36.6
416,2025-07-09,еда,6429.16,расход,KFC
417,2025-05-16,жильё,1859.53,расход,Арендодатель
418,2025-07-01,еда,1905.03,расход,Магнит
419,2025-08-27,еда,2084.5,расход,Пятёрочка
420,2025-05-16,одежда,7926.48,расход,ОдеждаМаркет
421,2025-06-10,одежда,7136.59,расход,ОдеждаМаркет
422,2025-10-20,инвестиции,23582.14,доход,Инвест Компани
423,2025-08-15,инвестиции,134817.49,доход,Инвест Компани
424,2025-08-04,одежда,869.07,расход,ОдеждаМаркет
425,2025-04-30,зарплата,75570.73,доход,Компания Ромашка
426,2025-07-26,жильё,8772.84,расход,Арендодатель
427,2025-07-20,образование,8050.74,расход,Udemy
428,2025-09-30,коммунальные,4908.78,расход,ЖКУ Сервис
429,2025-08-23,жильё,4529.08,расход,Арендодатель
430,2025-08-24,развлечения,6025.11,расход,Cinemapark
431,2025-08-23,путешествия,8915.95,расход,Aeroflot
432,2025-08-24,коммунальные,5152.86,расход,ЖКУ Сервис
433,2025-08-03,жильё,7808.52,расход,Арендодатель
434,2025-09-15,здоровье,2314.51,расход,Аптека 36.6
435,2025-07-18,жильё,9946.69,расход,Арендодатель
436,2025-09-16,коммунальные,4530.93,расход,ЖКУ Сервис
437,2025-04-26,путешествия,2346.75,расход,Booking.com
438,2025-10-22,развлечения,8203.98,расход,Xbox Store
439,2025-06-20,инвестиции,148522.27,доход,Инвест Компани
440,2025-08-18,путешествия,4243.77,расход,Aeroflot
441,2025-05-20,образование,7148.75,расход,Skillbox
442,2025-07-07,здоровье,709.33,расход,Аптека 36.6
443,2025-10-11,образование,1824.41,расход,Udemy
444,2025-09-12,транспорт,2531.25,расход,Газпромнефть
445,2025-10-03,одежда,7720.16,расход,ОдеждаМаркет
446,2025-09-12,здоровье,7940.79,расход,Аптека 36.6
447,2025-08-23,образование,9519.91,расход,Coursera
448,2025-05-24,одежда,8183.74,расход,ОдеждаМаркет
449,2025-10-03,зарплата,53292.43,доход,Компания Ромашка
450,2025-09-01,одежда,6042.69,расход,ОдеждаМаркет
451,2025-09-13,путешествия,7094.92,расход,Booking.com
452,2025-10-11,одежда,8761.95,расход,ОдеждаМаркет
453,2025-07-19,транспорт,6279.22,расход,Яндекс Такси
454,2025-05-08,коммунальные,4926.22,расход,ЖКУ Сервис
455,2025-08-31,одежда,2389.88,расход,ОдеждаМаркет
456,2025-05-21,образование,5123.39,расход,Skillbox
457,2025-07-10,жильё,1351.24,расход,Арендодатель
458,2025-10-14,одежда,4375.21,расход,ОдеждаМаркет
459,2025-09-07,жильё,4706.59,расход,Арендодатель
460,2025-07-02,транспорт,5834.33,расход,Shell
461,2025-04-27,подарки,105290.6,доход,Подарки Импорт
462,2025-08-30,образование,2156.93,расход,Skillbox
463,2025-05-17,коммунальные,8779.13,расход,ЖКУ Сервис
464,2025-08-07,коммунальные,5995.03,расход,ЖКУ Сервис
465,2025-10-02,путешествия,6113.92,расход,Aeroflot
466,2025-05-18,путешествия,8655.73,расход,Hilton
467,2025-09-25,здоровье,6604.47,расход,Аптека 36.6
468,2025-08-05,еда,3732.5,расход,KFC
469,2025-08-01,путешествия,6537.92,расход,Booking.com
470,2025-06-08,жильё,9220.16,расход,Арендодатель
471,2025-05-21,транспорт,3720.02,расход,Яндекс Такси
472,2025-06-09,путешествия,3935.77,расход,Booking.com
473,2025-04-30,одежда,3845.81,расход,ОдеждаМаркет
474,2025-09-30,коммунальные,2329.19,расход,ЖКУ Сервис
475,2025-08-29,транспорт,8962.0,расход,Яндекс Такси
476,2025-06-12,транспорт,7564.26,расход,Яндекс Такси
477,2025-06-19,одежда,5896.26,расход,ОдеждаМаркет
478,2025-05-24,фриланс,122274.84,доход,Фриланс Платформа
479,2025-08-21,одежда,1489.04,расход,ОдеждаМаркет
480,2025-08-06,подарки,70095.75,доход,Подарки Импорт
481,2025-07-02,еда,952.1,расход,Пятёрочка
482,2025-05-23,инвестиции,107223.86,доход,Инвест Компани
483,2025-08-13,еда,8761.05,расход,Магнит
484,2025-06-03,образование,3422.21,расход,Udemy
485,2025-05-03,транспорт,4803.08,расход,Яндекс Такси
486,2025-08-10,одежда,8069.4,расход,ОдеждаМаркет
487,2025-07-25,образование,9733.94,расход,Skillbox
488,2025-08-17,развлечения,4772.48,расход,Xbox Store
489,2025-10-15,жильё,9294.88,расход,Арендодатель
490,2025-07-11,здоровье,5439.52,расход,Аптека 36.6
491,2025-05-01,образование,8964.3,расход,Coursera
492,2025-06-24,еда,4425.66,расход,KFC
493,2025-10-22,развлечения,8732.31,расход,Xbox Store
494,2025-08-18,образование,936.42,расход,Coursera
495,2025-09-26,жильё,1201.07,расход,Арендодатель
496,2025-08-17,зарплата,80614.0,доход,Компания Ромашка
497,2025-08-02,транспорт,8096.21,расход,Газпромнефть
498,2025-07-26,транспорт,2959.78,расход,Газпромнефть
499,2025-06-09,еда,9734.14,расход,KFC
500,2025-10-04,коммунальные,9947.26,расход,ЖКУ Сервис
501,2025-07-30,коммунальные,4312.94,расход,ЖКУ Сервис
502,2025-04-25,путешествия,8720.02,расход,Hilton
503,2025-05-23,подарки,144700.99,доход,Подарки Импорт
504,2025-07-02,инвестиции,78645.3,доход,Инвест Компани
505,2025-07-03,инвестиции,110436.12,доход,Инвест Компани
506,2025-05-08,инвестиции,50405.18,доход,Инвест Компани
507,2025-08-29,жильё,9838.39,расход,Арендодатель
508,2025-09-26,подарки,23264.35,доход,Подарки Импорт
509,2025-09-01,зарплата,38048.88,доход,Компания Ромашка
510,2025-06-25,инвестиции,99111.09,доход,Инвест Компани
511,2025-09-21,транспорт,457.54,расход,Газпромнефть
512,2025-07-16,путешествия,6093.83,расход,Aeroflot
513,2025-08-05,здоровье,555.98,расход,Аптека 36.6
514,2025-06-02,образование,3323.74,расход,Udemy
515,2025-04-29,одежда,7495.5,расход,ОдеждаМаркет
516,2025-07-24,путешествия,1753.29,расход,Booking.com
517,2025-06-19,зарплата,35526.8,доход,Компания Ромашка
518,2025-07-25,подарки,42461.75,доход,Подарки Импорт
519,2025-07-26,жильё,9546.67,расход,Арендодатель
520,2025-06-01,фриланс,104557.03,доход,Фриланс Платформа
521,2025-10-01,зарплата,60191.74,доход,Компания Ромашка
522,2025-07-18,развлечения,3984.85,расход,Cinemapark
523,2025-07-30,инвестиции,67026.97,доход,Инвест Компани
524,2025-09-03,транспорт,1674.56,расход,Яндекс Такси
525,2025-09-26,инвестиции,113005.68,доход,Инвест Компани
526,2025-05-15,одежда,9827.68,расход,ОдеждаМаркет
527,2025-10-19,транспорт,121.71,расход,Газпромнефть
528,2025-09-22,одежда,2858.4,расход,ОдеждаМаркет
529,2025-07-22,путешествия,6761.31,расход,Aeroflot
530,2025-09-28,жильё,4345.62,расход,Арендодатель
531,2025-07-04,одежда,7641.96,расход,ОдеждаМаркет
532,2025-09-16,развлечения,1916.07,расход,Cinemapark
533,2025-08-22,подарки,56282.63,доход,Подарки Импорт
534,2025-06-17,путешествия,1474.02,расход,Booking.com
535,2025-10-05,одежда,9869.29,расход,ОдеждаМаркет
536,2025-06-29,инвестиции,122178.65,доход,Инвест Компани
537,2025-08-11,путешествия,6487.14,расход,Aeroflot
538,2025-09-28,одежда,6246.72,расход,ОдеждаМаркет
539,2025-04-28,образование,7735.85,расход,Udemy
540,2025-06-11,образование,3758.71,расход,Udemy
541,2025-09-15,здоровье,9633.97,расход,Doc+ Clinic
542,2025-06-20,развлечения,2691.91,расход,Netflix
543,2025-07-19,зарплата,110369.32,доход,Компания Ромашка
544,2025-10-22,еда,3198.32,расход,KFC
545,2025-07-23,коммунальные,5197.07,расход,ЖКУ Сервис
546,2025-09-16,одежда,854.41,расход,ОдеждаМаркет
547,2025-10-12,коммунальные,2232.08,расход,ЖКУ Сервис
548,2025-06-07,еда,2123.98,расход,Пятёрочка
549,2025-05-29,инвестиции,113450.44,доход,Инвест Компани
550,2025-06-29,коммунальные,4691.74,расход,ЖКУ Сервис
551,2025-07-20,подарки,2828.08,доход,Подарки Импорт
552,2025-07-20,транспорт,3271.74,расход,Яндекс Такси
553,2025-07-07,одежда,7979.25,расход,ОдеждаМаркет
554,2025-07-17,подарки,98613.55,доход,Подарки Импорт
555,2025-09-19,подарки,15816.43,доход,Подарки Импорт
556,2025-05-27,зарплата,29030.5,доход,Компания Ромашка
557,2025-04-28,транспорт,9154.19,расход,Яндекс Такси
558,2025-09-30,еда,8665.72,расход,KFC
559,2025-06-11,жильё,9278.68,расход,Арендодатель
560,2025-09-09,коммунальные,6559.36,расход,ЖКУ Сервис
561,2025-10-19,здоровье,7779.51,расход,Аптека 36.6
562,2025-05-26,путешествия,3915.59,расход,Aeroflot
563,2025-10-11,зарплата,65913.72,доход,Компания Ромашка
564,2025-05-08,еда,9133.87,расход,Магнит
565,2025-06-01,развлечения,5718.72,расход,Netflix
566,2025-06-24,жильё,7413.45,расход,Арендодатель
567,2025-10-17,одежда,3455.01,расход,ОдеждаМаркет
568,2025-09-11,развлечения,1596.77,расход,Cinemapark
569,2025-09-18,одежда,2532.64,расход,ОдеждаМаркет
570,2025-08-03,образование,5963.44,расход,Skillbox
571,2025-06-19,одежда,5330.79,расход,ОдеждаМаркет
572,2025-06-08,одежда,354.78,расход,ОдеждаМаркет
573,2025-07-29,подарки,140144.98,доход,Подарки Импорт
574,2025-06-10,жильё,2900.52,расход,Арендодатель
575,2025-07-29,здоровье,2572.73,расход,Doc+ Clinic
576,2025-08-14,зарплата,7341.21,доход,ООО ТехСофт
577,2025-10-03,жильё,1804.02,расход,Арендодатель
578,2025-04-25,здоровье,1230.58,расход,Doc+ Clinic
579,2025-09-05,транспорт,7307.58,расход,Газпромнефть
580,2025-07-12,зарплата,15040.61,доход,ООО ТехСофт
581,2025-09-25,развлечения,8310.35,расход,Netflix
582,2025-06-25,еда,9869.75,расход,Пятёрочка
583,2025-10-06,одежда,9875.98,расход,ОдеждаМаркет
584,2025-05-05,зарплата,48150.5,доход,Компания Ромашка
585,2025-05-15,одежда,3544.9,расход,ОдеждаМаркет
586,2025-09-14,еда,2089.07,расход,Магнит
587,2025-09-04,фриланс,58624.97,доход,Фриланс Платформа
588,2025-09-27,еда,3166.53,расход,Пятёрочка
589,2025-08-30,коммунальные,2885.3,расход,ЖКУ Сервис
590,2025-08-16,транспорт,3899.24,расход,Яндекс Такси
591,2025-09-04,путешествия,842.92,расход,Aeroflot
592,2025-07-19,одежда,6999.51,расход,ОдеждаМаркет
593,2025-05-28,коммунальные,2407.53,расход,ЖКУ Сервис
594,2025-07-28,коммунальные,2461.24,расход,ЖКУ Сервис
595,2025-05-06,инвестиции,67932.93,доход,Инвест Компани
596,2025-07-12,еда,8436.26,расход,KFC
597,2025-05-18,коммунальные,8448.55,расход,ЖКУ Сервис
598,2025-10-05,фриланс,22114.54,доход,Фриланс Платформа
599,2025-08-30,путешествия,1612.33,расход,Hilton
600,2025-06-13,еда,6110.19,расход,KFC
601,2025-06-18,развлечения,4561.01,расход,Netflix
602,2025-09-22,образование,4312.06,расход,Skillbox
603,2025-06-22,образование,4628.39,расход,Udemy
604,2025-09-18,путешествия,8246.79,расход,Hilton
605,2025-07-12,образование,8911.15,расход,Skillbox
606,2025-07-03,еда,4476.46,расход,KFC
607,2025-10-12,путешествия,5119.43,расход,Aeroflot
608,2025-05-23,зарплата,97562.56,доход,ООО ТехСофт
609,2025-07-22,еда,2919.69,расход,Магнит
610,2025-05-23,путешествия,4188.24,расход,Booking.com
611,2025-08-20,инвестиции,112501.72,доход,Инвест Компани
612,2025-07-19,путешествия,2438.71,расход,Booking.com
613,2025-09-05,образование,2966.33,расход,Skillbox
614,2025-05-18,транспорт,7693.84,расход,Яндекс Такси
615,2025-05-08,инвестиции,143712.6,доход,Инвест Компани
616,2025-07-19,транспорт,8780.23,расход,Яндекс Такси
617,2025-07-22,коммунальные,9871.73,расход,ЖКУ Сервис
618,2025-06-06,развлечения,3118.37,расход,Cinemapark
619,2025-08-07,развлечения,7524.68,расход,Xbox Store
620,2025-08-03,подарки,48815.2,доход,Подарки Импорт
621,2025-08-13,инвестиции,30669.94,доход,Инвест Компани
622,2025-10-06,образование,6651.23,расход,Udemy
623,2025-05-03,жильё,1459.57,расход,Арендодатель
624,2025-10-02,еда,3507.38,расход,KFC
625,2025-09-18,здоровье,8998.53,расход,Doc+ Clinic
626,2025-07-04,путешествия,8588.62,расход,Booking.com
627,2025-05-10,фриланс,51519.53,доход,Фриланс Платформа
628,2025-06-24,развлечения,8231.04,расход,Xbox Store
629,2025-05-30,транспорт,792.72,расход,Shell
630,2025-06-12,жильё,3123.74,расход,Арендодатель
631,2025-09-01,транспорт,5651.65,расход,Газпромнефть
632,2025-10-21,здоровье,4642.98,расход,Doc+ Clinic
633,2025-06-02,путешествия,9221.67,расход,Booking.com
634,2025-09-24,развлечения,5396.68,расход,Xbox Store
635,2025-09-23,развлечения,4614.33,расход,Netflix
636,2025-08-20,жильё,3235.03,расход,Арендодатель
637,2025-07-29,инвестиции,66347.2,доход,Инвест Компани
638,2025-05-29,еда,9383.81,расход,KFC
639,2025-05-23,образование,6952.02,расход,Udemy
640,2025-09-26,подарки,122579.13,доход,Подарки Импорт
641,2025-08-02,развлечения,7368.62,расход,Cinemapark
642,2025-09-22,образование,9561.48,расход,Udemy
643,2025-05-24,подарки,110407.64,доход,Подарки Импорт
644,2025-08-14,зарплата,78727.41,доход,ООО ТехСофт
645,2025-10-18,транспорт,7306.94,расход,Газпромнефть
646,2025-06-16,путешествия,7055.09,расход,Booking.com
647,2025-07-27,коммунальные,1835.73,расход,ЖКУ Сервис
648,2025-09-19,развлечения,4417.63,расход,Cinemapark
649,2025-06-09,еда,4717.59,расход,Пятёрочка
650,2025-07-10,здоровье,3145.19,расход,Doc+ Clinic
651,2025-09-04,еда,7923.86,расход,Магнит
652,2025-05-23,одежда,7740.14,расход,ОдеждаМаркет
653,2025-05-03,здоровье,1931.48,расход,Аптека 36.6
654,2025-06-27,жильё,927.67,расход,Арендодатель
655,2025-06-21,путешествия,9603.3,расход,Booking.com
656,2025-06-23,жильё,9599.16,расход,Арендодатель
657,2025-08-09,развлечения,9634.51,расход,Netflix
658,2025-09-24,фриланс,35214.55,доход,Фриланс Платформа
659,2025-09-30,путешествия,6866.6,расход,Aeroflot
660,2025-05-29,образование,3409.23,расход,Coursera
661,2025-09-14,путешествия,7530.98,расход,Aeroflot
662,2025-08-27,развлечения,3910.75,расход,Netflix
663,2025-05-23,транспорт,3326.81,расход,Shell
664,2025-08-15,одежда,2564.65,расход,ОдеждаМаркет
665,2025-04-29,транспорт,7267.35,расход,Shell
666,2025-07-22,инвестиции,65863.03,доход,Инвест Компани
667,2025-07-26,фриланс,133330.83,доход,Фриланс Платформа
668,2025-04-29,путешествия,1911.67,расход,Booking.com
669,2025-08-03,путешествия,9895.43,расход,Booking.com
670,2025-06-01,образование,1463.08,расход,Skillbox
671,2025-07-02,здоровье,167.28,расход,Аптека 36.6
672,2025-05-01,путешествия,5517.04,расход,Booking.com
673,2025-09-04,зарплата,72064.5,доход,Компания Ромашка
674,2025-05-30,подарки,95417.44,доход,Подарки Импорт
675,2025-06-14,путешествия,4773.49,расход,Booking.com
676,2025-07-27,жильё,7578.85,расход,Арендодатель
677,2025-10-06,зарплата,19226.65,доход,ООО ТехСофт
678,2025-10-19,развлечения,3294.96,расход,Cinemapark
679,2025-05-09,транспорт,9606.37,расход,Яндекс Такси
680,2025-08-15,жильё,1067.73,расход,Арендодатель
681,2025-05-11,инвестиции,110219.77,доход,Инвест Компани
682,2025-10-08,жильё,9687.36,расход,Арендодатель
683,2025-06-29,образование,9474.05,расход,Skillbox
684,2025-05-28,образование,2804.47,расход,Coursera
685,2025-05-04,транспорт,4789.43,расход,Газпромнефть
686,2025-07-05,транспорт,314.37,расход,Газпромнефть
687,2025-09-05,образование,970.48,расход,Coursera
688,2025-06-16,образование,1048.63,расход,Skillbox
689,2025-09-11,фриланс,99677.92,доход,Фриланс Платформа
690,2025-05-25,зарплата,62677.46,доход,ООО ТехСофт
691,2025-09-23,развлечения,7953.89,расход,Netflix
692,2025-08-26,жильё,3946.34,расход,Арендодатель
693,2025-10-18,жильё,6450.7,расход,Арендодатель
694,2025-05-16,фриланс,45419.62,доход,Фриланс Платформа
695,2025-08-16,здоровье,5176.46,расход,Doc+ Clinic
696,2025-06-03,развлечения,2992.2,расход,Xbox Store
697,2025-04-30,развлечения,3904.49,расход,Cinemapark
698,2025-09-27,еда,6725.79,расход,Магнит
699,2025-08-12,еда,6547.51,расход,Магнит
700,2025-05-08,еда,7853.08,расход,Пятёрочка
701,2025-06-09,путешествия,2202.84,расход,Aeroflot
702,2025-10-04,развлечения,6408.02,расход,Cinemapark
703,2025-07-28,здоровье,5915.69,расход,Doc+ Clinic
704,2025-05-21,еда,9013.68,расход,Пятёрочка
705,2025-07-02,транспорт,1373.05,расход,Газпромнефть
706,2025-07-22,образование,5405.91,расход,Udemy
707,2025-06-12,жильё,3705.91,расход,Арендодатель
708,2025-04-25,развлечения,9369.08,расход,Xbox Store
709,2025-06-11,зарплата,144619.71,доход,ООО ТехСофт
710,2025-06-12,жильё,607.23,расход,Арендодатель
711,2025-10-02,инвестиции,99391.42,доход,Инвест Компани
712,2025-09-20,фриланс,45447.47,доход,Фриланс Платформа
713,2025-07-21,транспорт,5927.94,расход,Shell
714,2025-07-04,фриланс,9970.57,доход,Фриланс Платформа
715,2025-08-14,подарки,60901.99,доход,Подарки Импорт
716,2025-05-20,жильё,2496.04,расход,Арендодатель
717,2025-05-13,жильё,8771.19,расход,Арендодатель
718,2025-05-26,развлечения,9374.09,расход,Netflix
719,2025-10-11,образование,2895.55,расход,Skillbox
720,2025-05-24,инвестиции,99253.8,доход,Инвест Компани
721,2025-09-28,зарплата,24224.1,доход,Компания Ромашка
722,2025-08-20,зарплата,74395.84,доход,Компания Ромашка
723,2025-08-21,здоровье,3403.79,расход,Doc+ Clinic
724,2025-08-07,коммунальные,1820.7,расход,ЖКУ Сервис
725,2025-08-16,одежда,5926.54,расход,ОдеждаМаркет
726,2025-07-22,транспорт,9807.17,расход,Газпромнефть
727,2025-05-04,еда,6275.22,расход,KFC
728,2025-06-06,еда,4475.13,расход,Магнит
729,2025-10-17,развлечения,137.17,расход,Netflix
730,2025-09-15,зарплата,29296.94,доход,ООО ТехСофт
731,2025-09-05,путешествия,4612.26,расход,Booking.com
732,2025-04-25,образование,4447.33,расход,Udemy
733,2025-04-28,коммунальные,8264.7,расход,ЖКУ Сервис
734,2025-05-13,развлечения,9329.87,расход,Xbox Store
735,2025-08-11,подарки,12689.99,доход,Подарки Импорт
736,2025-04-30,подарки,21365.88,доход,Подарки Импорт
737,2025-04-25,здоровье,8255.91,расход,Doc+ Clinic
738,2025-08-22,развлечения,9543.92,расход,Cinemapark
739,2025-06-14,развлечения,4198.74,расход,Netflix
740,2025-07-10,здоровье,7514.95,расход,Doc+ Clinic
741,2025-08-17,транспорт,5978.5,расход,Яндекс Такси
742,2025-07-14,путешествия,4481.46,расход,Hilton
743,2025-05-07,одежда,5426.54,расход,ОдеждаМаркет
744,2025-09-19,жильё,352.65,расход,Арендодатель
745,2025-05-31,фриланс,20625.79,доход,Фриланс Платформа
746,2025-10-20,здоровье,5344.07,расход,Аптека 36.6
747,2025-08-31,образование,9172.66,расход,Udemy
748,2025-09-04,инвестиции,91403.76,доход,Инвест Компани
749,2025-05-05,коммунальные,4589.48,расход,ЖКУ Сервис
750,2025-10-18,транспорт,5625.33,расход,Газпромнефть
751,2025-07-21,подарки,58143.14,доход,Подарки Импорт
752,2025-06-08,развлечения,1200.76,расход,Netflix
753,2025-08-30,здоровье,4562.87,расход,Аптека 36.6
754,2025-10-13,одежда,2828.89,расход,ОдеждаМаркет
755,2025-05-28,образование,1955.56,расход,Udemy
756,2025-04-27,жильё,7897.5,расход,Арендодатель
757,2025-05-04,фриланс,64165.24,доход,Фриланс Платформа
758,2025-10-18,здоровье,4994.93,расход,Аптека 36.6
759,2025-07-23,жильё,6841.77,расход,Арендодатель
760,2025-09-08,одежда,2332.96,расход,ОдеждаМаркет
761,2025-10-17,жильё,6270.95,расход,Арендодатель
762,2025-07-03,развлечения,4180.84,расход,Xbox Store
763,2025-06-01,развлечения,2297.59,расход,Netflix
764,2025-08-23,жильё,3556.74,расход,Арендодатель
765,2025-09-08,транспорт,2453.89,расход,Shell
766,2025-04-28,образование,8014.07,расход,Udemy
767,2025-10-21,здоровье,8149.29,расход,Аптека 36.6
768,2025-08-26,транспорт,1878.2,расход,Яндекс Такси
769,2025-10-20,развлечения,5133.39,расход,Xbox Store
770,2025-08-31,развлечения,9274.41,расход,Netflix
771,2025-05-10,инвестиции,60726.15,доход,Инвест Компани
772,2025-06-23,жильё,462.93,расход,Арендодатель
773,2025-10-18,фриланс,57664.28,доход,Фриланс Платформа
774,2025-10-06,коммунальные,9889.26,расход,ЖКУ Сервис
775,2025-07-14,еда,6757.44,расход,Пятёрочка
776,2025-06-05,фриланс,52816.62,доход,Фриланс Платформа
777,2025-09-04,жильё,8141.5,расход,Арендодатель
778,2025-04-28,жильё,8045.72,расход,Арендодатель
779,2025-04-29,одежда,1517.03,расход,ОдеждаМаркет
780,2025-09-15,еда,2141.78,расход,Магнит
781,2025-09-07,жильё,6820.14,расход,Арендодатель
782,2025-08-03,транспорт,1888.22,расход,Газпромнефть
783,2025-09-29,зарплата,105121.22,доход,ООО ТехСофт
784,2025-08-16,зарплата,101593.3,доход,ООО ТехСофт
785,2025-07-19,образование,677.22,расход,Coursera
786,2025-09-24,здоровье,1720.04,расход,Doc+ Clinic
787,2025-10-03,коммунальные,2397.21,расход,ЖКУ Сервис
788,2025-05-05,инвестиции,65052.47,доход,Инвест Компани
789,2025-09-16,подарки,135132.08,доход,Подарки Импорт
790,2025-05-15,еда,3738.66,расход,KFC
791,2025-10-05,развлечения,9344.55,расход,Netflix
792,2025-07-17,инвестиции,138116.37,доход,Инвест Компани
793,2025-07-15,транспорт,3134.29,расход,Газпромнефть
794,2025-07-12,путешествия,218.92,расход,Booking.com
795,2025-05-22,транспорт,2456.54,расход,Shell
796,2025-05-22,здоровье,4398.79,расход,Аптека 36.6
797,2025-07-01,еда,1442.71,расход,Магнит
798,2025-08-04,развлечения,8644.14,расход,Cinemapark
799,2025-07-30,одежда,5601.81,расход,ОдеждаМаркет
800,2025-09-07,фриланс,145755.82,доход,Фриланс Платформа
801,2025-05-26,еда,5498.46,расход,KFC
802,2025-10-01,развлечения,5644.7,расход,Xbox Store
803,2025-09-01,развлечения,1813.12,расход,Netflix
804,2025-07-08,образование,3080.8,расход,Skillbox
805,2025-06-15,развлечения,7588.52,расход,Cinemapark
806,2025-09-15,образование,6666.99,расход,Udemy
807,2025-05-22,путешествия,3238.44,расход,Booking.com
808,2025-07-13,коммунальные,8003.25,расход,ЖКУ Сервис
809,2025-08-17,коммунальные,7393.25,расход,ЖКУ Сервис
810,2025-04-29,зарплата,102949.74,доход,Компания Ромашка
811,2025-06-23,жильё,2896.84,расход,Арендодатель
812,2025-09-08,образование,8864.97,расход,Coursera
813,2025-05-21,жильё,3898.92,расход,Арендодатель
814,2025-06-30,зарплата,140084.49,доход,ООО ТехСофт
815,2025-10-06,коммунальные,5244.19,расход,ЖКУ Сервис
816,2025-08-26,путешествия,5125.04,расход,Hilton
817,2025-07-03,коммунальные,8389.43,расход,ЖКУ Сервис
818,2025-07-14,путешествия,6323.54,расход,Aeroflot
819,2025-06-19,путешествия,6510.96,расход,Aeroflot
820,2025-10-08,подарки,57433.38,доход,Подарки Импорт
821,2025-08-16,еда,5327.78,расход,Магнит
822,2025-08-10,путешествия,3421.96,расход,Hilton
823,2025-07-09,фриланс,30640.83,доход,Фриланс Платформа
824,2025-04-25,одежда,3326.89,расход,ОдеждаМаркет
825,2025-06-23,коммунальные,5638.56,расход,ЖКУ Сервис
826,2025-08-15,инвестиции,81433.64,доход,Инвест Компани
827,2025-09-13,развлечения,1485.95,расход,Xbox Store
828,2025-10-06,развлечения,2359.31,расход,Netflix
829,2025-08-15,путешествия,8150.23,расход,Aeroflot
830,2025-06-15,развлечения,5291.99,расход,Cinemapark
831,2025-07-30,еда,4997.19,расход,Магнит
832,2025-06-12,транспорт,2093.76,расход,Shell
833,2025-05-23,транспорт,4626.39,расход,Яндекс Такси
834,2025-10-16,подарки,50094.98,доход,Подарки Импорт
835,2025-04-25,еда,3509.14,расход,Магнит
836,2025-10-04,здоровье,7693.95,расход,Doc+ Clinic
837,2025-10-09,развлечения,559.32,расход,Cinemapark
838,2025-08-24,коммунальные,5323.61,расход,ЖКУ Сервис
839,2025-06-30,транспорт,4685.63,расход,Shell
840,2025-08-02,коммунальные,9262.52,расход,ЖКУ Сервис
841,2025-07-12,еда,207.65,расход,KFC
842,2025-09-26,еда,2288.01,расход,Пятёрочка
843,2025-07-13,одежда,5150.92,расход,ОдеждаМаркет
844,2025-08-11,транспорт,6498.19,расход,Shell
845,2025-05-14,жильё,7663.56,расход,Арендодатель
846,2025-09-13,еда,4849.01,расход,Магнит
847,2025-07-28,одежда,3529.34,расход,ОдеждаМаркет
848,2025-08-21,фриланс,125315.21,доход,Фриланс Платформа
849,2025-07-17,развлечения,4830.58,расход,Netflix
850,2025-08-04,зарплата,36276.19,доход,Компания Ромашка
851,2025-08-13,жильё,3145.5,расход,Арендодатель
852,2025-10-18,одежда,4261.31,расход,ОдеждаМаркет
853,2025-05-22,коммунальные,4735.78,расход,ЖКУ Сервис
854,2025-05-20,жильё,634.88,расход,Арендодатель
855,2025-10-08,зарплата,11663.64,доход,Компания Ромашка
856,2025-04-25,коммунальные,7049.68,расход,ЖКУ Сервис
857,2025-05-03,жильё,4373.46,расход,Арендодатель
858,2025-08-23,коммунальные,4499.91,расход,ЖКУ Сервис
859,2025-05-04,здоровье,236.34,расход,Doc+ Clinic
860,2025-08-19,образование,8062.69,расход,Skillbox
861,2025-08-28,здоровье,3553.31,расход,Doc+ Clinic
862,2025-05-01,здоровье,7277.46,расход,Doc+ Clinic
863,2025-06-05,еда,8578.79,расход,Пятёрочка
864,2025-05-25,коммунальные,2324.36,расход,ЖКУ Сервис
865,2025-08-03,зарплата,13594.76,доход,Компания Ромашка
866,2025-07-05,здоровье,9271.46,расход,Аптека 36.6
867,2025-07-01,одежда,4931.3,расход,ОдеждаМаркет
868,2025-08-13,одежда,6651.0,расход,ОдеждаМаркет
869,2025-05-10,жильё,2508.54,расход,Арендодатель
870,2025-10-07,коммунальные,9261.36,расход,ЖКУ Сервис
871,2025-09-20,еда,2857.11,расход,KFC
872,2025-07-24,фриланс,95785.92,доход,Фриланс Платформа
873,2025-09-09,транспорт,7463.16,расход,Яндекс Такси
874,2025-05-29,образование,7649.39,расход,Skillbox
875,2025-07-21,здоровье,8582.65,расход,Аптека 36.6
876,2025-06-21,подарки,112833.8,доход,Подарки Импорт
877,2025-07-18,здоровье,607.32,расход,Аптека 36.6
878,2025-08-30,зарплата,134457.34,доход,ООО ТехСофт
879,2025-07-07,коммунальные,2362.28,расход,ЖКУ Сервис
880,2025-07-16,еда,9653.85,расход,KFC
881,2025-05-06,еда,2117.21,расход,Магнит
882,2025-07-13,зарплата,104794.26,доход,Компания Ромашка
883,2025-06-28,фриланс,36704.79,доход,Фриланс Платформа
884,2025-08-19,коммунальные,8178.0,расход,ЖКУ Сервис
885,2025-05-11,здоровье,7282.16,расход,Аптека 36.6
886,2025-05-17,транспорт,1959.59,расход,Яндекс Такси
887,2025-09-11,одежда,3342.19,расход,ОдеждаМаркет
888,2025-08-09,развлечения,9246.75,расход,Netflix
889,2025-08-30,еда,6542.72,расход,Магнит
890,2025-05-17,развлечения,9178.34,расход,Netflix
891,2025-10-02,еда,4019.26,расход,Пятёрочка
892,2025-06-10,здоровье,8184.72,расход,Doc+ Clinic
893,2025-04-25,подарки,42211.16,доход,Подарки Импорт
894,2025-09-29,образование,4237.64,расход,Udemy
895,2025-05-18,развлечения,3817.53,расход,Cinemapark
896,2025-09-08,зарплата,128707.9,доход,ООО ТехСофт
897,2025-07-17,коммунальные,8272.97,расход,ЖКУ Сервис
898,2025-09-11,еда,2322.35,расход,Магнит
899,2025-06-15,фриланс,90961.83,доход,Фриланс Платформа
900,2025-07-22,жильё,8841.31,расход,Арендодатель
901,2025-07-05,образование,2544.17,расход,Coursera
902,2025-09-16,инвестиции,70263.3,доход,Инвест Компани
903,2025-10-14,развлечения,9072.85,расход,Cinemapark
904,2025-06-18,жильё,2022.74,расход,Арендодатель
905,2025-05-20,одежда,1168.46,расход,ОдеждаМаркет
906,2025-05-01,путешествия,374.19,расход,Booking.com
907,2025-08-09,одежда,5422.76,расход,ОдеждаМаркет
908,2025-10-20,зарплата,109858.43,доход,ООО ТехСофт
909,2025-09-30,подарки,54265.14,доход,Подарки Импорт
910,2025-06-25,жильё,8935.28,расход,Арендодатель
911,2025-06-06,зарплата,51174.38,доход,Компания Ромашка
912,2025-08-21,образование,1205.36,расход,Udemy
913,2025-04-27,развлечения,5635.76,расход,Cinemapark
914,2025-04-25,развлечения,9448.92,расход,Cinemapark
915,2025-08-31,развлечения,4694.4,расход,Xbox Store
916,2025-05-13,инвестиции,146953.2,доход,Инвест Компани
917,2025-04-30,здоровье,4783.52,расход,Doc+ Clinic
918,2025-05-28,здоровье,9793.53,расход,Аптека 36.6
919,2025-09-26,еда,3152.59,расход,Магнит
920,2025-09-06,путешествия,9541.22,расход,Hilton
921,2025-04-27,коммунальные,473.93,расход,ЖКУ Сервис
922,2025-05-02,зарплата,91670.56,доход,Компания Ромашка
923,2025-08-01,транспорт,8649.71,расход,Газпромнефть
924,2025-09-13,жильё,7665.62,расход,Арендодатель
925,2025-06-05,здоровье,5064.94,расход,Doc+ Clinic
926,2025-08-02,транспорт,3992.47,расход,Газпромнефть
927,2025-08-06,фриланс,128267.2,доход,Фриланс Платформа
928,2025-08-09,жильё,4052.35,расход,Арендодатель
929,2025-07-27,путешествия,5509.57,расход,Aeroflot
930,2025-05-11,здоровье,7528.74,расход,Аптека 36.6
931,2025-05-01,одежда,7551.0,расход,ОдеждаМаркет
932,2025-09-28,путешествия,4247.43,расход,Booking.com
933,2025-05-04,транспорт,2646.96,расход,Газпромнефть
934,2025-08-18,путешествия,1335.77,расход,Booking.com
935,2025-09-29,фриланс,24192.81,доход,Фриланс Платформа
936,2025-10-22,здоровье,3761.93,расход,Doc+ Clinic
937,2025-08-06,развлечения,2782.44,расход,Cinemapark
938,2025-08-15,одежда,7581.03,расход,ОдеждаМаркет
939,2025-09-18,транспорт,1708.54,расход,Shell
940,2025-06-27,коммунальные,5373.22,расход,ЖКУ Сервис
941,2025-09-04,еда,4582.52,расход,Пятёрочка
942,2025-09-18,жильё,1398.09,расход,Арендодатель
943,2025-07-02,транспорт,9880.46,расход,Газпромнефть
944,2025-08-18,коммунальные,4117.25,расход,ЖКУ Сервис
945,2025-08-12,транспорт,9058.1,расход,Газпромнефть
946,2025-06-26,транспорт,7744.3,расход,Яндекс Такси
947,2025-10-18,одежда,9895.85,расход,ОдеждаМаркет
948,2025-10-20,одежда,5251.85,расход,ОдеждаМаркет
949,2025-08-27,развлечения,5242.36,расход,Xbox Store
950,2025-07-25,еда,8324.54,расход,KFC
951,2025-07-02,зарплата,44795.67,доход,ООО ТехСофт
952,2025-06-23,еда,1565.36,расход,Пятёрочка
953,2025-09-15,коммунальные,8419.6,расход,ЖКУ Сервис
954,2025-09-18,инвестиции,113149.38,доход,Инвест Компани
955,2025-05-17,подарки,45946.03,доход,Подарки Импорт
956,2025-06-05,коммунальные,9484.37,расход,ЖКУ Сервис
957,2025-06-06,одежда,6072.57,расход,ОдеждаМаркет
958,2025-06-28,образование,4953.65,расход,Udemy
959,2025-04-26,еда,5249.72,расход,Пятёрочка
960,2025-09-14,жильё,9221.8,расход,Арендодатель
961,2025-05-09,инвестиции,68528.54,доход,Инвест Компани
962,2025-08-22,транспорт,7537.47,расход,Яндекс Такси
963,2025-05-07,развлечения,4664.91,расход,Xbox Store
964,2025-07-11,образование,965.8,расход,Coursera
965,2025-09-02,жильё,8694.42,расход,Арендодатель
966,2025-10-01,транспорт,5372.28,расход,Яндекс Такси
967,2025-06-30,фриланс,135690.17,доход,Фриланс Платформа
968,2025-07-14,подарки,58950.58,доход,Подарки Импорт
969,2025-09-30,здоровье,3224.22,расход,Doc+ Clinic
970,2025-08-10,жильё,1958.93,расход,Арендодатель
971,2025-09-13,развлечения,5309.35,расход,Xbox Store
972,2025-09-26,жильё,1252.92,расход,Арендодатель
973,2025-09-12,коммунальные,9423.95,расход,ЖКУ Сервис
974,2025-08-05,здоровье,4550.59,расход,Аптека 36.6
975,2025-08-25,здоровье,333.53,расход,Аптека 36.6
976,2025-06-05,жильё,6247.69,расход,Арендодатель
977,2025-07-26,развлечения,5687.73,расход,Xbox Store
978,2025-05-13,развлечения,9586.14,расход,Cinemapark
979,2025-08-03,образование,2250.99,расход,Coursera
980,2025-05-05,одежда,3347.05,расход,ОдеждаМаркет
981,2025-09-22,транспорт,9037.51,расход,Яндекс Такси
982,2025-09-06,развлечения,3591.69,расход,Netflix
983,2025-06-23,транспорт,4955.04,расход,Газпромнефть
984,2025-07-24,одежда,3970.6,расход,ОдеждаМаркет
985,2025-07-09,образование,487.51,расход,Skillbox
986,2025-04-29,одежда,9723.41,расход,ОдеждаМаркет
987,2025-09-22,здоровье,6791.56,расход,Аптека 36.6
988,2025-10-11,инвестиции,85040.64,доход,Инвест Компани
989,2025-08-09,коммунальные,4896.57,расход,ЖКУ Сервис
990,2025-07-13,путешествия,3605.36,расход,Aeroflot
991,2025-06-03,образование,5774.69,расход,Udemy
992,2025-09-12,еда,3338.23,расход,Магнит
993,2025-06-11,образование,6793.84,расход,Skillbox
994,2025-06-13,транспорт,7708.77,расход,Яндекс Такси
995,2025-10-05,развлечения,3584.37,расход,Xbox Store
996,2025-08-09,здоровье,5039.97,расход,Doc+ Clinic
997,2025-08-23,образование,4012.64,расход,Skillbox
998,2025-10-12,коммунальные,5857.18,расход,ЖКУ Сервис
999,2025-05-26,зарплата,56901.17,доход,ООО ТехСофт
1000,2025-05-14,жильё,7109.78,расход,Арендодатель
1001,2025-09-15,транспорт,200000,расход,Lada