id,date,category,type,amount,company
1,2025-06-10,коммунальные,расход,6698.49,Энергосбыт
2,2025-09-30,еда,расход,5118.13,Delivery Club
3,2025-05-27,зарплата,доход,51557.19,ООО 'Ромашка'
4,2025-11-11,жильё,расход,38013.86,ЖКХ
5,2025-10-14,еда,расход,2580.18,Макдоналдс
6,2025-07-01,развлечения,расход,7048.01,Клуб 'Ритм'
7,2025-06-28,еда,расход,4052.46,Пятёрочка
8,2025-09-27,зарплата,доход,68231.68,ООО 'ТехПро'
9,2025-11-17,одежда,расход,9591.75,Wildberries
10,2025-10-04,транспорт,расход,8568.72,Яндекс.Такси
11,2025-05-29,коммунальные,расход,3125.58,Энергосбыт
12,2025-09-11,транспорт,расход,2744.39,BlaBlaBus
13,2025-08-25,транспорт,расход,9573.12,BusCo
14,2025-08-23,зарплата,доход,111036.16,ООО 'Ромашка'
15,2025-08-28,еда,расход,2188.35,Магнит
16,2025-08-08,транспорт,расход,9109.52,BusCo
17,2025-09-07,инвестиции,доход,14449.21,Брокер: Тинькофф
18,2025-06-08,одежда,расход,6218.31,Wildberries
19,2025-11-02,одежда,расход,3957.11,Ozon
20,2025-07-04,зарплата,доход,107439.35,АО 'Байт'
21,2025-06-21,жильё,расход,23672.22,ЖСК
22,2025-07-19,путешествия,расход,28188.78,Booking.com
23,2025-07-03,путешествия,расход,70471.04,Авиакомпания
24,2025-10-18,фриланс,доход,20222.0,Upwork
25,2025-09-23,развлечения,расход,2265.71,Клуб 'Ритм'
26,2025-06-28,зарплата,доход,74407.35,ООО 'Ромашка'
27,2025-09-08,еда,расход,9342.34,Магнит
28,2025-06-18,транспорт,расход,6028.97,BlaBlaBus
29,2025-09-15,одежда,расход,9735.62,H&M
30,2025-08-27,одежда,расход,2472.58,Wildberries
31,2025-08-14,развлечения,расход,7456.78,Клуб 'Ритм'
32,2025-07-26,транспорт,расход,6683.76,Метро
33,2025-07-29,еда,расход,9507.59,Макдоналдс
34,2025-07-04,путешествия,расход,37850.94,Booking.com
35,2025-07-14,транспорт,расход,985.76,Метро
36,2025-07-16,еда,расход,4530.34,IKEA
37,2025-09-18,прочее,расход,3250.22,Разное
38,2025-10-22,прочее,расход,457.41,Разное
39,2025-06-25,фриланс,доход,57223.59,Фриланс
40,2025-07-19,одежда,расход,3513.74,Wildberries
41,2025-07-14,подарки,доход,14006.75,Родственники
42,2025-11-05,жильё,расход,31211.92,ЖСК
43,2025-10-10,образование,расход,1203.66,Онлайн-школа
44,2025-07-08,коммунальные,расход,9382.28,Энергосбыт
45,2025-07-19,образование,расход,901.78,Udemy
46,2025-10-15,развлечения,расход,8043.4,Клуб 'Ритм'
47,2025-10-24,еда,расход,1814.64,Пятёрочка
48,2025-11-18,еда,расход,6876.19,Burger King
49,2025-10-23,одежда,расход,8403.69,Ozon
50,2025-06-14,транспорт,расход,4344.07,BlaBlaBus
51,2025-09-02,еда,расход,3809.25,Delivery Club
52,2025-11-13,путешествия,расход,3304.9,Авиакомпания
53,2025-08-24,подарки,доход,11543.45,Родственники
54,2025-06-04,развлечения,расход,784.73,Steam
55,2025-07-14,транспорт,расход,5202.72,Яндекс.Такси
56,2025-10-14,путешествия,расход,56562.87,Tutu.ru
57,2025-07-06,транспорт,расход,6404.76,Метро
58,2025-06-07,транспорт,расход,5674.53,Яндекс.Такси
59,2025-11-18,подарки,доход,7967.83,Друзья
60,2025-10-24,прочее,расход,2478.96,Разное
61,2025-06-20,жильё,расход,44176.53,ЖСК
62,2025-10-10,транспорт,расход,2632.83,BusCo
63,2025-07-10,еда,расход,9930.24,Пятёрочка
64,2025-08-03,одежда,расход,6070.2,Ozon
65,2025-05-31,прочее,расход,6368.06,Разное
66,2025-09-15,транспорт,расход,2675.32,BlaBlaBus
67,2025-09-09,развлечения,расход,9280.4,Steam
68,2025-06-10,образование,расход,4531.85,Онлайн-школа
69,2025-11-20,инвестиции,доход,17507.81,Брокер: Финам
70,2025-10-30,зарплата,доход,48960.59,АО 'Байт'
71,2025-07-11,развлечения,расход,7281.07,Steam
72,2025-10-27,жильё,расход,59436.54,Арендодатель
73,2025-06-10,прочее,расход,5418.85,Разное
74,2025-07-11,здоровье,расход,8630.15,Семейная клиника
75,2025-09-07,транспорт,расход,1366.41,Яндекс.Такси
76,2025-07-07,прочее,расход,4051.29,Разное
77,2025-08-27,образование,расход,4277.77,Онлайн-школа
78,2025-08-26,образование,расход,4303.3,КурсПро
79,2025-09-04,прочее,расход,3234.9,Разное
80,2025-06-24,путешествия,расход,46689.85,Booking.com
81,2025-06-30,коммунальные,расход,8212.47,ГазСбыт
82,2025-07-11,возврат,доход,1065.65,Кэшбек банк
83,2025-11-15,еда,расход,825.9,IKEA
84,2025-09-30,еда,расход,3510.01,Макдоналдс
85,2025-08-02,фриланс,доход,58442.95,Клиент A
86,2025-07-30,еда,расход,1829.19,Пятёрочка
87,2025-09-01,еда,расход,3101.39,Магнит
88,2025-09-15,прочее,расход,5037.08,Разное
89,2025-10-11,одежда,расход,1728.38,Zara
90,2025-10-19,еда,расход,7056.11,Delivery Club
91,2025-10-28,фриланс,доход,36956.9,Upwork
92,2025-07-17,развлечения,расход,3199.13,Клуб 'Ритм'
93,2025-07-09,развлечения,расход,2588.22,Клуб 'Ритм'
94,2025-08-13,транспорт,расход,4014.08,Метро
95,2025-10-15,фриланс,доход,36576.31,Клиент A
96,2025-11-01,еда,расход,386.16,Макдоналдс
97,2025-09-25,зарплата,доход,110382.33,ООО 'ТехПро'
98,2025-05-28,коммунальные,расход,624.31,Энергосбыт
99,2025-07-29,здоровье,расход,299.63,Аптека 'Фарм'
100,2025-06-05,еда,расход,2864.53,Пятёрочка
101,2025-10-15,прочее,расход,3099.27,Разное
102,2025-08-23,образование,расход,1540.95,Udemy
103,2025-07-18,транспорт,расход,4328.17,BlaBlaBus
104,2025-11-19,транспорт,расход,4190.24,Яндекс.Такси
105,2025-11-03,зарплата,доход,42276.52,ООО 'Ромашка'
106,2025-09-22,образование,расход,7478.7,Udemy
107,2025-10-25,жильё,расход,12094.36,Арендодатель
108,2025-07-16,транспорт,расход,9133.81,BusCo
109,2025-08-14,транспорт,расход,1589.71,Метро
110,2025-09-26,еда,расход,1908.53,Макдоналдс
111,2025-07-24,еда,расход,3189.48,Макдоналдс
112,2025-10-12,еда,расход,9140.69,IKEA
113,2025-06-05,зарплата,доход,44218.82,ООО 'ТехПро'
114,2025-11-14,зарплата,доход,46430.81,ООО 'ТехПро'
115,2025-09-19,развлечения,расход,6332.37,Киномакс
116,2025-06-18,еда,расход,9676.29,Delivery Club
117,2025-06-26,коммунальные,расход,7057.31,Энергосбыт
118,2025-07-08,транспорт,расход,6328.6,BlaBlaBus
119,2025-08-25,прочее,расход,8337.63,Разное
120,2025-07-04,жильё,расход,49893.15,Арендодатель
121,2025-11-11,транспорт,расход,4944.64,Метро
122,2025-05-30,путешествия,расход,47227.04,Авиакомпания
123,2025-08-18,одежда,расход,2298.82,Wildberries
124,2025-07-01,зарплата,доход,110262.18,ООО 'Ромашка'
125,2025-07-06,одежда,расход,8408.89,Ozon
126,2025-07-13,коммунальные,расход,6781.18,ГазСбыт
127,2025-06-19,зарплата,доход,109589.59,ООО 'ТехПро'
128,2025-10-14,зарплата,доход,46239.87,ООО 'ТехПро'
129,2025-11-17,коммунальные,расход,2924.13,Энергосбыт
130,2025-06-10,еда,расход,362.13,Пятёрочка
131,2025-11-05,одежда,расход,6715.9,Wildberries
132,2025-10-30,транспорт,расход,8524.13,Яндекс.Такси
133,2025-05-27,транспорт,расход,2511.38,Метро
134,2025-08-05,еда,расход,3343.38,IKEA
135,2025-08-10,зарплата,доход,101000.59,ООО 'Ромашка'
136,2025-05-27,еда,расход,6297.3,Burger King
137,2025-10-13,прочее,расход,537.3,Разное
138,2025-11-21,коммунальные,расход,5383.14,ГазСбыт
139,2025-05-25,здоровье,расход,7826.0,Семейная клиника
140,2025-08-16,жильё,расход,44238.89,Арендодатель
141,2025-11-10,развлечения,расход,538.33,Киномакс
142,2025-10-30,транспорт,расход,6577.82,Метро
143,2025-08-25,развлечения,расход,9439.64,ConcertHall
144,2025-10-17,одежда,расход,3781.71,Wildberries
145,2025-07-06,зарплата,доход,75897.34,ООО 'Ромашка'
146,2025-09-10,еда,расход,4971.27,IKEA
147,2025-10-27,развлечения,расход,3851.6,Клуб 'Ритм'
148,2025-07-16,прочее,расход,7276.16,Разное
149,2025-10-25,жильё,расход,33539.27,ЖКХ
150,2025-10-24,транспорт,расход,1360.02,BusCo
151,2025-09-02,транспорт,расход,8909.06,BlaBlaBus
152,2025-07-03,еда,расход,4337.76,IKEA
153,2025-10-08,одежда,расход,2649.4,Wildberries
154,2025-10-16,одежда,расход,2926.66,Wildberries
155,2025-07-07,еда,расход,1064.35,IKEA
156,2025-08-06,одежда,расход,8088.99,Ozon
157,2025-08-16,развлечения,расход,8132.64,Клуб 'Ритм'
158,2025-09-27,фриланс,доход,38881.43,Фриланс
159,2025-11-05,путешествия,расход,72390.13,Booking.com
160,2025-11-14,одежда,расход,6968.4,Zara
161,2025-07-29,транспорт,расход,8265.03,Яндекс.Такси
162,2025-06-24,фриланс,доход,37577.54,Upwork
163,2025-10-01,еда,расход,3199.37,Delivery Club
164,2025-08-05,образование,расход,2723.83,КурсПро
165,2025-08-09,зарплата,доход,54486.98,ООО 'Ромашка'
166,2025-06-15,жильё,расход,14756.2,ЖКХ
167,2025-10-04,жильё,расход,28718.12,ЖСК
168,2025-09-26,еда,расход,9247.41,Delivery Club
169,2025-09-18,образование,расход,6241.84,Онлайн-школа
170,2025-10-16,здоровье,расход,1508.53,Семейная клиника
171,2025-10-26,еда,расход,1611.81,Макдоналдс
172,2025-08-15,одежда,расход,584.27,Zara
173,2025-09-15,прочее,расход,2956.38,Разное
174,2025-10-28,развлечения,расход,4440.59,Клуб 'Ритм'
175,2025-09-08,зарплата,доход,36189.87,АО 'Байт'
176,2025-10-02,жильё,расход,41352.58,ЖКХ
177,2025-06-08,коммунальные,расход,5057.47,Водоканал
178,2025-06-01,еда,расход,6509.54,Пятёрочка
179,2025-09-07,одежда,расход,2241.93,Zara
180,2025-09-19,коммунальные,расход,7491.25,Энергосбыт
181,2025-09-14,транспорт,расход,7184.3,Метро
182,2025-07-26,жильё,расход,34691.76,ЖКХ
183,2025-06-15,развлечения,расход,7298.67,Киномакс
184,2025-10-07,инвестиции,доход,14181.45,Брокер: Финам
185,2025-08-12,еда,расход,2646.43,IKEA
186,2025-09-20,транспорт,расход,4882.18,BlaBlaBus
187,2025-06-10,транспорт,расход,4422.99,BlaBlaBus
188,2025-11-14,транспорт,расход,5470.17,BlaBlaBus
189,2025-08-27,еда,расход,1108.04,Пятёрочка
190,2025-07-10,прочее,расход,8643.55,Разное
191,2025-06-11,одежда,расход,6451.33,Zara
192,2025-11-01,еда,расход,4867.79,Delivery Club
193,2025-08-27,еда,расход,4056.06,Макдоналдс
194,2025-07-27,еда,расход,978.7,Магнит
195,2025-08-26,развлечения,расход,1496.07,Steam
196,2025-10-22,развлечения,расход,5303.37,ConcertHall
197,2025-06-29,коммунальные,расход,6725.64,ГазСбыт
198,2025-11-19,коммунальные,расход,3362.52,Водоканал
199,2025-09-06,зарплата,доход,87750.85,АО 'Байт'
200,2025-06-12,еда,расход,1119.12,Магнит
201,2025-06-02,подарки,доход,5786.5,Друзья
202,2025-08-21,транспорт,расход,4655.84,Метро
203,2025-08-03,здоровье,расход,7930.25,Аптека 'Фарм'
204,2025-09-21,транспорт,расход,197.31,Метро
205,2025-09-24,коммунальные,расход,3690.19,Энергосбыт
206,2025-07-31,здоровье,расход,7492.19,Аптека 'Фарм'
207,2025-07-04,зарплата,доход,61697.25,АО 'Байт'
208,2025-09-13,транспорт,расход,1858.56,Метро
209,2025-07-04,зарплата,доход,112771.49,ООО 'Ромашка'
210,2025-11-02,еда,расход,473.18,Burger King
211,2025-07-29,еда,расход,8918.0,Макдоналдс
212,2025-11-18,фриланс,доход,20133.75,Upwork
213,2025-10-12,развлечения,расход,4514.18,ConcertHall
214,2025-11-12,фриланс,доход,52094.57,Upwork
215,2025-08-25,коммунальные,расход,7482.55,Энергосбыт
216,2025-11-19,транспорт,расход,9909.69,BlaBlaBus
217,2025-06-22,жильё,расход,31820.86,Арендодатель
218,2025-08-17,коммунальные,расход,1553.54,Энергосбыт
219,2025-09-25,транспорт,расход,2723.53,BlaBlaBus
220,2025-07-26,коммунальные,расход,2866.77,Энергосбыт
221,2025-06-13,еда,расход,8728.69,Макдоналдс
222,2025-11-08,здоровье,расход,9556.19,Семейная клиника
223,2025-08-28,здоровье,расход,3063.45,Семейная клиника
224,2025-06-17,транспорт,расход,3312.07,BlaBlaBus
225,2025-07-23,еда,расход,5902.16,IKEA
226,2025-09-06,фриланс,доход,7311.99,Upwork
227,2025-06-07,зарплата,доход,41596.04,АО 'Байт'
228,2025-05-25,прочее,расход,1776.43,Разное
229,2025-10-23,прочее,расход,2407.04,Разное
230,2025-07-30,еда,расход,8660.56,Макдоналдс
231,2025-05-27,транспорт,расход,2796.56,BusCo
232,2025-08-13,прочее,расход,7880.5,Разное
233,2025-10-29,еда,расход,4135.06,Магнит
234,2025-11-18,образование,расход,6374.71,Udemy
235,2025-08-11,транспорт,расход,3230.95,BlaBlaBus
236,2025-08-24,здоровье,расход,1325.55,Дентал-Про
237,2025-07-03,еда,расход,8130.23,IKEA
238,2025-10-25,еда,расход,4863.48,Ашан
239,2025-11-02,коммунальные,расход,8784.93,Энергосбыт
240,2025-11-04,образование,расход,7243.3,Онлайн-школа
241,2025-10-21,еда,расход,6312.97,Магнит
242,2025-10-24,транспорт,расход,1664.79,BlaBlaBus
243,2025-06-14,транспорт,расход,8985.32,BlaBlaBus
244,2025-10-23,транспорт,расход,9248.78,BusCo
245,2025-10-28,фриланс,доход,28180.77,Клиент A
246,2025-10-06,зарплата,доход,53830.29,АО 'Байт'
247,2025-09-10,еда,расход,6549.47,Макдоналдс
248,2025-11-18,жильё,расход,10873.34,ЖКХ
249,2025-06-20,подарки,доход,19912.99,Друзья
250,2025-09-22,прочее,расход,4163.58,Разное
251,2025-05-26,коммунальные,расход,1543.57,Энергосбыт
252,2025-09-29,прочее,расход,3087.89,Разное
253,2025-07-22,развлечения,расход,6981.26,ConcertHall
254,2025-09-15,прочее,расход,5737.06,Разное
255,2025-09-14,подарки,доход,16655.46,Родственники
256,2025-08-02,еда,расход,6341.38,Макдоналдс
257,2025-10-28,образование,расход,9668.93,КурсПро
258,2025-07-23,зарплата,доход,39270.02,ООО 'ТехПро'
259,2025-10-01,еда,расход,5208.21,Ашан
260,2025-08-19,развлечения,расход,8146.27,ConcertHall
261,2025-11-13,еда,расход,6999.34,Макдоналдс
262,2025-07-17,развлечения,расход,5262.56,ConcertHall
263,2025-08-27,развлечения,расход,8364.24,Steam
264,2025-11-16,еда,расход,7787.88,Макдоналдс
265,2025-09-08,фриланс,доход,36597.3,Клиент A
266,2025-07-04,подарки,доход,668.51,Друзья
267,2025-10-12,транспорт,расход,2937.95,Яндекс.Такси
268,2025-09-13,одежда,расход,9249.1,Wildberries
269,2025-09-27,фриланс,доход,29445.72,Фриланс
270,2025-07-01,еда,расход,4970.97,Макдоналдс
271,2025-09-25,образование,расход,2698.49,Udemy
272,2025-09-12,коммунальные,расход,4409.52,Водоканал
273,2025-09-05,развлечения,расход,4144.27,ConcertHall
274,2025-11-08,инвестиции,доход,15763.4,Брокер: Финам
275,2025-11-13,зарплата,доход,101758.99,ООО 'Ромашка'
276,2025-07-29,фриланс,доход,10041.89,Клиент A
277,2025-08-05,транспорт,расход,1798.18,BlaBlaBus
278,2025-07-25,коммунальные,расход,3492.17,Энергосбыт
279,2025-11-09,еда,расход,9991.8,Burger King
280,2025-05-27,зарплата,доход,60832.68,ООО 'Ромашка'
281,2025-09-22,еда,расход,6913.96,Delivery Club
282,2025-11-04,транспорт,расход,4194.78,Метро
283,2025-08-16,одежда,расход,6386.25,Ozon
284,2025-08-19,прочее,расход,1058.17,Разное
285,2025-05-28,еда,расход,9606.13,Макдоналдс
286,2025-10-08,здоровье,расход,2859.43,Аптека 'Фарм'
287,2025-10-24,еда,расход,341.97,Burger King
288,2025-07-23,еда,расход,302.46,Магнит
289,2025-07-31,транспорт,расход,147.16,Метро
290,2025-08-20,развлечения,расход,9476.03,Steam
291,2025-08-29,зарплата,доход,51583.71,ООО 'Ромашка'
292,2025-11-03,зарплата,доход,119410.2,ООО 'ТехПро'
293,2025-10-21,путешествия,расход,33551.93,Tutu.ru
294,2025-08-29,одежда,расход,8956.97,Ozon
295,2025-09-15,фриланс,доход,39174.61,Фриланс
296,2025-10-25,путешествия,расход,41312.36,Авиакомпания
297,2025-07-23,здоровье,расход,8017.25,Дентал-Про
298,2025-10-15,зарплата,доход,76892.56,АО 'Байт'
299,2025-10-27,развлечения,расход,6910.6,ConcertHall
300,2025-10-02,транспорт,расход,4827.09,Яндекс.Такси
301,2025-07-15,коммунальные,расход,2787.58,Водоканал
302,2025-10-06,еда,расход,8347.28,Пятёрочка
303,2025-08-12,транспорт,расход,4057.73,BusCo
304,2025-05-27,зарплата,доход,89703.45,АО 'Байт'
305,2025-09-25,развлечения,расход,2122.98,Клуб 'Ритм'
306,2025-08-30,жильё,расход,45431.07,ЖКХ
307,2025-09-24,зарплата,доход,83810.18,ООО 'Ромашка'
308,2025-10-26,еда,расход,1282.77,IKEA
309,2025-06-19,транспорт,расход,6020.26,Метро
310,2025-09-06,еда,расход,4285.78,Магнит
311,2025-07-07,еда,расход,6722.45,Burger King
312,2025-07-01,здоровье,расход,3172.47,Аптека 'Фарм'
313,2025-10-07,зарплата,доход,48459.6,ООО 'ТехПро'
314,2025-06-15,развлечения,расход,3940.06,ConcertHall
315,2025-10-25,жильё,расход,5695.6,ЖКХ
316,2025-11-03,здоровье,расход,3550.11,Аптека 'Фарм'
317,2025-11-01,еда,расход,8353.43,Delivery Club
318,2025-08-01,еда,расход,6274.9,Burger King
319,2025-06-01,транспорт,расход,9120.64,Метро
320,2025-09-20,фриланс,доход,50589.29,Upwork
321,2025-10-10,развлечения,расход,9780.38,Клуб 'Ритм'
322,2025-09-22,коммунальные,расход,8175.71,Водоканал
323,2025-07-24,транспорт,расход,8675.59,Яндекс.Такси
324,2025-11-07,зарплата,доход,89998.31,АО 'Байт'
325,2025-09-04,подарки,доход,8068.09,Родственники
326,2025-07-07,еда,расход,3700.64,Delivery Club
327,2025-08-02,фриланс,доход,9285.88,Upwork
328,2025-10-20,жильё,расход,13622.8,ЖСК
329,2025-08-06,одежда,расход,3335.35,Zara
330,2025-09-04,фриланс,доход,15726.16,Клиент A
331,2025-10-01,инвестиции,доход,13772.08,Брокер: Финам
332,2025-09-06,здоровье,расход,6619.07,Дентал-Про
333,2025-08-04,возврат,доход,1408.07,Возврат налогов
334,2025-06-23,зарплата,доход,82204.44,ООО 'Ромашка'
335,2025-10-14,прочее,расход,2778.44,Разное
336,2025-06-19,фриланс,доход,13051.25,Upwork
337,2025-08-10,зарплата,доход,47363.18,АО 'Байт'
338,2025-09-14,транспорт,расход,9121.2,Метро
339,2025-07-27,еда,расход,2324.13,Delivery Club
340,2025-08-02,коммунальные,расход,229.99,ГазСбыт
341,2025-07-02,зарплата,доход,52692.93,АО 'Байт'
342,2025-10-02,транспорт,расход,487.94,Метро
343,2025-07-18,развлечения,расход,5086.21,Клуб 'Ритм'
344,2025-10-08,прочее,расход,8423.52,Разное
345,2025-11-11,зарплата,доход,39066.82,ООО 'Ромашка'
346,2025-09-22,образование,расход,1288.09,КурсПро
347,2025-07-18,фриланс,доход,48935.2,Клиент A
348,2025-09-06,жильё,расход,11463.74,ЖКХ
349,2025-08-15,образование,расход,8157.17,Udemy
350,2025-06-09,зарплата,доход,45266.47,ООО 'ТехПро'
351,2025-11-04,транспорт,расход,4478.51,Яндекс.Такси
352,2025-09-23,развлечения,расход,1730.87,Клуб 'Ритм'
353,2025-10-29,развлечения,расход,8718.64,Клуб 'Ритм'
354,2025-10-06,транспорт,расход,4501.9,Метро
355,2025-06-06,развлечения,расход,4556.92,Киномакс
356,2025-06-10,прочее,расход,1128.5,Разное
357,2025-06-23,еда,расход,9165.2,Макдоналдс
358,2025-07-12,жильё,расход,59343.21,ЖСК
359,2025-07-11,путешествия,расход,60207.37,Авиакомпания
360,2025-11-07,подарки,доход,18670.74,Родственники
361,2025-09-28,подарки,доход,9366.89,Родственники
362,2025-08-06,образование,расход,9816.03,КурсПро
363,2025-09-06,прочее,расход,5695.77,Разное
364,2025-05-29,транспорт,расход,1251.0,BlaBlaBus
365,2025-09-11,зарплата,доход,40819.99,АО 'Байт'
366,2025-08-12,зарплата,доход,119047.24,АО 'Байт'
367,2025-08-18,еда,расход,6551.64,Burger King
368,2025-06-16,еда,расход,3947.05,Пятёрочка
369,2025-06-26,еда,расход,7963.97,Ашан
370,2025-11-13,развлечения,расход,9825.5,Киномакс
371,2025-08-15,образование,расход,5298.92,КурсПро
372,2025-09-14,транспорт,расход,2189.67,BusCo
373,2025-09-17,еда,расход,6560.16,Burger King
374,2025-11-08,коммунальные,расход,9000.38,ГазСбыт
375,2025-10-05,транспорт,расход,3055.67,Метро
376,2025-07-07,еда,расход,7233.92,Ашан
377,2025-09-28,развлечения,расход,1056.22,Киномакс
378,2025-06-18,транспорт,расход,4021.64,Яндекс.Такси
379,2025-09-20,развлечения,расход,894.62,Steam
380,2025-08-05,зарплата,доход,75083.1,ООО 'Ромашка'
381,2025-06-15,одежда,расход,1176.52,Wildberries
382,2025-08-17,еда,расход,1085.85,Магнит
383,2025-09-22,подарки,доход,10823.05,Друзья
384,2025-07-19,еда,расход,6506.95,IKEA
385,2025-06-09,коммунальные,расход,5371.12,Водоканал
386,2025-08-20,развлечения,расход,960.39,Киномакс
387,2025-10-24,зарплата,доход,68114.57,АО 'Байт'
388,2025-09-06,еда,расход,2874.98,Burger King
389,2025-09-24,еда,расход,4629.1,Магнит
390,2025-09-22,еда,расход,9792.58,Пятёрочка
391,2025-10-12,еда,расход,1580.39,IKEA
392,2025-06-20,одежда,расход,4838.21,Wildberries
393,2025-08-12,еда,расход,864.02,Макдоналдс
394,2025-08-24,фриланс,доход,14780.9,Upwork
395,2025-06-25,прочее,расход,5896.02,Разное
396,2025-11-12,еда,расход,3573.15,IKEA
397,2025-08-17,образование,расход,9181.63,КурсПро
398,2025-11-13,зарплата,доход,66507.11,АО 'Байт'
399,2025-09-30,транспорт,расход,5906.14,BlaBlaBus
400,2025-06-21,здоровье,расход,766.42,Дентал-Про
401,2025-06-11,еда,расход,2993.52,Макдоналдс
402,2025-08-08,прочее,расход,3830.72,Разное
403,2025-11-07,транспорт,расход,5778.33,Метро
404,2025-08-14,еда,расход,9844.0,Delivery Club
405,2025-06-30,путешествия,расход,75100.06,Авиакомпания
406,2025-09-26,подарки,доход,17226.72,Друзья
407,2025-10-26,зарплата,доход,114583.28,ООО 'Ромашка'
408,2025-10-20,еда,расход,1939.88,Burger King
409,2025-07-14,фриланс,доход,33823.72,Фриланс
410,2025-08-24,транспорт,расход,6105.82,BusCo
411,2025-11-06,еда,расход,472.19,Магнит
412,2025-07-29,прочее,расход,4406.39,Разное
413,2025-09-02,одежда,расход,8417.96,Zara
414,2025-09-16,транспорт,расход,9728.24,BlaBlaBus
415,2025-07-27,транспорт,расход,2576.0,Метро
416,2025-09-15,развлечения,расход,2772.22,Steam
417,2025-11-12,развлечения,расход,6439.75,ConcertHall
418,2025-10-17,еда,расход,5916.36,Магнит
419,2025-10-02,развлечения,расход,4512.32,ConcertHall
420,2025-08-24,еда,расход,1194.25,Burger King
421,2025-10-03,зарплата,доход,45354.29,ООО 'ТехПро'
422,2025-08-26,транспорт,расход,7807.51,Яндекс.Такси
423,2025-07-30,образование,расход,9389.24,Udemy
424,2025-09-29,транспорт,расход,9442.49,Метро
425,2025-11-13,коммунальные,расход,1852.45,Водоканал
426,2025-08-14,транспорт,расход,2459.82,BusCo
427,2025-11-10,зарплата,доход,73631.64,ООО 'ТехПро'
428,2025-09-01,развлечения,расход,5275.12,Киномакс
429,2025-06-30,еда,расход,4690.51,Макдоналдс
430,2025-10-09,развлечения,расход,6126.5,Киномакс
431,2025-07-03,еда,расход,4778.06,Delivery Club
432,2025-07-06,фриланс,доход,57016.59,Клиент A
433,2025-07-02,еда,расход,3638.88,Магнит
434,2025-06-11,зарплата,доход,50975.04,АО 'Байт'
435,2025-08-23,жильё,расход,53687.16,ЖСК
436,2025-08-13,еда,расход,7474.39,Burger King
437,2025-09-03,еда,расход,3504.67,Burger King
438,2025-09-15,транспорт,расход,6352.63,Метро
439,2025-08-04,транспорт,расход,7462.87,BusCo
440,2025-07-21,еда,расход,9720.44,Магнит
441,2025-11-11,фриланс,доход,38007.06,Фриланс
442,2025-08-18,коммунальные,расход,826.43,Водоканал
443,2025-10-16,коммунальные,расход,7881.98,ГазСбыт
444,2025-10-28,развлечения,расход,131.79,Киномакс
445,2025-11-04,зарплата,доход,62506.06,ООО 'ТехПро'
446,2025-09-07,коммунальные,расход,7366.88,Водоканал
447,2025-06-21,инвестиции,доход,1412.54,Брокер: Тинькофф
448,2025-10-27,еда,расход,3616.23,Delivery Club
449,2025-09-20,развлечения,расход,5689.3,Клуб 'Ритм'
450,2025-11-08,еда,расход,5388.24,IKEA
451,2025-08-01,фриланс,доход,15769.09,Upwork
452,2025-11-13,развлечения,расход,1228.48,ConcertHall
453,2025-06-18,еда,расход,7249.47,Магнит
454,2025-07-14,коммунальные,расход,335.43,Водоканал
455,2025-08-28,еда,расход,7338.84,Burger King
456,2025-06-14,коммунальные,расход,1169.68,ГазСбыт
457,2025-11-10,транспорт,расход,1636.97,Метро
458,2025-11-14,транспорт,расход,1780.58,BlaBlaBus
459,2025-07-29,фриланс,доход,12998.68,Фриланс
460,2025-07-10,путешествия,расход,18720.25,Booking.com
461,2025-10-17,возврат,доход,16699.5,Кэшбек банк
462,2025-11-14,зарплата,доход,76759.59,ООО 'Ромашка'
463,2025-10-25,здоровье,расход,1498.09,Семейная клиника
464,2025-11-07,зарплата,доход,64990.66,АО 'Байт'
465,2025-06-30,жильё,расход,29869.2,ЖКХ
466,2025-09-08,зарплата,доход,36985.19,ООО 'ТехПро'
467,2025-07-15,одежда,расход,6078.41,Wildberries
468,2025-06-03,зарплата,доход,101310.06,ООО 'Ромашка'
469,2025-06-30,жильё,расход,15547.58,ЖКХ
470,2025-08-26,одежда,расход,3694.45,Zara
471,2025-07-07,еда,расход,3057.89,Burger King
472,2025-07-10,одежда,расход,5647.45,H&M
473,2025-07-24,здоровье,расход,6671.4,Семейная клиника
474,2025-10-23,инвестиции,доход,17711.03,Брокер: Финам
475,2025-09-01,жильё,расход,24028.32,Арендодатель
476,2025-10-09,еда,расход,3074.4,Delivery Club
477,2025-07-07,еда,расход,1081.02,Пятёрочка
478,2025-09-09,одежда,расход,289.23,Zara
479,2025-09-16,зарплата,доход,46673.77,ООО 'Ромашка'
480,2025-11-13,зарплата,доход,119958.52,АО 'Байт'
481,2025-11-17,фриланс,доход,38172.02,Клиент A
482,2025-08-29,транспорт,расход,1489.44,Яндекс.Такси
483,2025-09-19,фриланс,доход,54940.07,Фриланс
484,2025-08-21,коммунальные,расход,4446.43,ГазСбыт
485,2025-09-09,подарки,доход,10263.82,Родственники
486,2025-06-19,фриланс,доход,30587.67,Фриланс
487,2025-06-07,транспорт,расход,2174.6,Яндекс.Такси
488,2025-07-07,транспорт,расход,7875.59,Яндекс.Такси
489,2025-10-12,здоровье,расход,5005.91,Аптека 'Фарм'
490,2025-06-06,еда,расход,3362.21,Ашан
491,2025-08-26,еда,расход,3271.34,Магнит
492,2025-10-13,инвестиции,доход,4910.97,Брокер: Финам
493,2025-07-23,еда,расход,6579.17,Burger King
494,2025-08-04,транспорт,расход,6737.14,Метро
495,2025-10-16,еда,расход,86.84,Пятёрочка
496,2025-10-11,зарплата,доход,115038.25,АО 'Байт'
497,2025-07-12,транспорт,расход,916.22,Метро
498,2025-07-15,транспорт,расход,4441.74,BusCo
499,2025-09-15,еда,расход,224.07,Магнит
500,2025-09-16,еда,расход,367.74,Burger King
501,2025-11-15,развлечения,расход,8757.66,Клуб 'Ритм'
502,2025-07-02,развлечения,расход,9543.14,Киномакс
503,2025-06-13,зарплата,доход,54413.14,АО 'Байт'
504,2025-07-12,транспорт,расход,1852.51,BusCo
505,2025-07-19,еда,расход,3488.21,Пятёрочка
506,2025-09-26,здоровье,расход,394.17,Семейная клиника
507,2025-11-18,еда,расход,4933.5,Ашан
508,2025-08-30,одежда,расход,1266.01,Zara
509,2025-06-28,транспорт,расход,4964.16,BusCo
510,2025-07-23,здоровье,расход,1637.68,Семейная клиника
511,2025-08-26,жильё,расход,21304.24,ЖСК
512,2025-06-09,фриланс,доход,13357.68,Клиент A
513,2025-10-14,еда,расход,9099.35,Макдоналдс
514,2025-10-05,еда,расход,8397.66,Delivery Club
515,2025-10-30,образование,расход,9622.02,Онлайн-школа
516,2025-06-13,образование,расход,2616.44,КурсПро
517,2025-11-17,транспорт,расход,2493.52,Яндекс.Такси
518,2025-11-08,еда,расход,8370.51,IKEA
519,2025-08-11,одежда,расход,8819.32,Ozon
520,2025-05-25,одежда,расход,8400.74,H&M
521,2025-08-09,одежда,расход,5729.07,H&M
522,2025-09-19,жильё,расход,44141.09,Арендодатель
523,2025-05-28,фриланс,доход,49096.0,Фриланс
524,2025-09-27,здоровье,расход,7280.42,Аптека 'Фарм'
525,2025-07-25,коммунальные,расход,7125.36,ГазСбыт
526,2025-06-23,еда,расход,3915.19,IKEA
527,2025-06-09,еда,расход,3545.71,IKEA
528,2025-10-27,зарплата,доход,73826.27,ООО 'ТехПро'
529,2025-09-30,здоровье,расход,6803.87,Аптека 'Фарм'
530,2025-10-28,одежда,расход,8150.45,H&M
531,2025-09-02,образование,расход,4162.41,Udemy
532,2025-11-10,зарплата,доход,114818.27,ООО 'Ромашка'
533,2025-09-30,жильё,расход,7058.48,ЖКХ
534,2025-10-26,транспорт,расход,8446.63,BlaBlaBus
535,2025-10-26,одежда,расход,678.6,Zara
536,2025-08-31,развлечения,расход,4783.19,Киномакс
537,2025-07-19,коммунальные,расход,3470.79,Водоканал
538,2025-11-17,коммунальные,расход,7677.25,Водоканал
539,2025-10-12,прочее,расход,3056.15,Разное
540,2025-08-22,прочее,расход,9421.36,Разное
541,2025-09-11,одежда,расход,6893.92,Wildberries
542,2025-09-27,здоровье,расход,159.41,Семейная клиника
543,2025-09-16,транспорт,расход,1453.81,BusCo
544,2025-10-24,транспорт,расход,6171.26,BlaBlaBus
545,2025-08-12,развлечения,расход,4955.14,ConcertHall
546,2025-11-10,еда,расход,7426.85,IKEA
547,2025-08-12,здоровье,расход,2583.87,Аптека 'Фарм'
548,2025-06-15,инвестиции,доход,10543.07,Брокер: Тинькофф
549,2025-06-13,жильё,расход,22854.98,Арендодатель
550,2025-10-31,инвестиции,доход,16041.52,Брокер: Тинькофф
551,2025-11-12,еда,расход,444.83,Delivery Club
552,2025-07-15,транспорт,расход,1690.39,BusCo
553,2025-11-04,развлечения,расход,2543.81,ConcertHall
554,2025-08-14,подарки,доход,4905.54,Друзья
555,2025-06-30,прочее,расход,6612.23,Разное
556,2025-07-23,развлечения,расход,4383.83,Steam
557,2025-07-13,здоровье,расход,3081.92,Дентал-Про
558,2025-09-22,путешествия,расход,46046.35,Авиакомпания
559,2025-10-11,образование,расход,3630.74,Udemy
560,2025-09-11,еда,расход,4051.97,Пятёрочка
561,2025-05-26,жильё,расход,21526.25,Арендодатель
562,2025-10-24,транспорт,расход,2475.11,BlaBlaBus
563,2025-07-15,транспорт,расход,7946.39,BlaBlaBus
564,2025-07-28,зарплата,доход,35414.78,ООО 'ТехПро'
565,2025-08-08,зарплата,доход,53120.53,ООО 'Ромашка'
566,2025-07-17,еда,расход,6753.57,Пятёрочка
567,2025-06-17,путешествия,расход,13300.38,Tutu.ru
568,2025-10-17,еда,расход,307.06,Ашан
569,2025-07-31,здоровье,расход,5228.46,Дентал-Про
570,2025-07-26,зарплата,доход,73519.51,ООО 'ТехПро'
571,2025-07-18,транспорт,расход,4128.46,BlaBlaBus
572,2025-06-23,транспорт,расход,2993.75,Метро
573,2025-06-21,транспорт,расход,3259.69,Метро
574,2025-08-14,зарплата,доход,41851.26,АО 'Байт'
575,2025-05-25,фриланс,доход,14083.13,Фриланс
576,2025-07-03,зарплата,доход,41164.36,ООО 'Ромашка'
577,2025-06-28,путешествия,расход,4429.89,Booking.com
578,2025-06-06,еда,расход,881.75,Burger King
579,2025-08-20,развлечения,расход,8675.81,Киномакс
580,2025-08-01,одежда,расход,4486.76,Zara
581,2025-11-15,еда,расход,5995.26,Ашан
582,2025-07-08,коммунальные,расход,3133.05,Водоканал
583,2025-11-04,еда,расход,2667.38,Пятёрочка
584,2025-08-15,жильё,расход,8100.73,Арендодатель
585,2025-07-04,коммунальные,расход,1390.16,Энергосбыт
586,2025-10-03,транспорт,расход,1050.58,Яндекс.Такси
587,2025-07-05,зарплата,доход,56797.71,ООО 'Ромашка'
588,2025-07-23,зарплата,доход,52328.44,АО 'Байт'
589,2025-10-26,развлечения,расход,3077.27,Киномакс
590,2025-05-31,жильё,расход,18675.02,ЖСК
591,2025-07-02,транспорт,расход,1685.42,Яндекс.Такси
592,2025-11-18,коммунальные,расход,2452.78,Водоканал
593,2025-08-30,транспорт,расход,1961.52,BusCo
594,2025-08-13,транспорт,расход,9600.47,Метро
595,2025-11-08,коммунальные,расход,6136.89,Энергосбыт
596,2025-06-29,транспорт,расход,2749.14,Метро
597,2025-08-09,еда,расход,8318.94,Delivery Club
598,2025-11-04,развлечения,расход,3400.38,Клуб 'Ритм'
599,2025-08-24,здоровье,расход,4627.26,Дентал-Про
600,2025-10-23,коммунальные,расход,5451.37,Водоканал
601,2025-10-01,фриланс,доход,38912.53,Клиент A
602,2025-06-15,транспорт,расход,3052.81,BlaBlaBus
603,2025-09-26,инвестиции,доход,10387.15,Брокер: Финам
604,2025-06-26,зарплата,доход,106517.7,ООО 'ТехПро'
605,2025-09-15,еда,расход,7758.95,Макдоналдс
606,2025-06-16,еда,расход,7229.03,Ашан
607,2025-05-31,транспорт,расход,9936.86,Метро
608,2025-09-19,еда,расход,6896.3,IKEA
609,2025-06-17,зарплата,доход,71318.56,АО 'Байт'
610,2025-10-29,путешествия,расход,64857.74,Booking.com
611,2025-09-21,развлечения,расход,200.5,Киномакс
612,2025-10-01,фриланс,доход,11098.61,Фриланс
613,2025-09-28,коммунальные,расход,9800.29,ГазСбыт
614,2025-07-24,одежда,расход,6163.29,H&M
615,2025-06-27,зарплата,доход,52692.98,ООО 'ТехПро'
616,2025-08-07,еда,расход,1271.79,IKEA
617,2025-09-23,транспорт,расход,6825.45,BlaBlaBus
618,2025-11-01,зарплата,доход,36490.84,АО 'Байт'
619,2025-06-07,еда,расход,7858.41,Delivery Club
620,2025-09-13,еда,расход,7581.47,Пятёрочка
621,2025-06-26,еда,расход,1526.49,Магнит
622,2025-10-30,одежда,расход,634.0,H&M
623,2025-08-01,еда,расход,3357.58,Delivery Club
624,2025-10-30,транспорт,расход,7846.93,Яндекс.Такси
625,2025-11-14,зарплата,доход,111058.2,ООО 'Ромашка'
626,2025-09-16,коммунальные,расход,5999.67,ГазСбыт
627,2025-08-06,коммунальные,расход,7948.49,Водоканал
628,2025-08-28,жильё,расход,24734.99,Арендодатель
629,2025-07-04,транспорт,расход,9419.9,Метро
630,2025-10-16,путешествия,расход,28854.66,Авиакомпания
631,2025-10-31,еда,расход,6941.23,Burger King
632,2025-11-15,здоровье,расход,3798.69,Семейная клиника
633,2025-06-07,еда,расход,8805.17,Пятёрочка
634,2025-08-25,еда,расход,2072.94,Магнит
635,2025-06-20,зарплата,доход,43292.99,ООО 'ТехПро'
636,2025-07-29,зарплата,доход,50688.66,ООО 'ТехПро'
637,2025-11-13,подарки,доход,12159.14,Друзья
638,2025-06-10,коммунальные,расход,1483.11,Водоканал
639,2025-07-07,еда,расход,1242.88,Пятёрочка
640,2025-07-31,транспорт,расход,959.58,BusCo
641,2025-11-10,еда,расход,6821.7,Макдоналдс
642,2025-08-20,развлечения,расход,1951.86,Киномакс
643,2025-10-28,развлечения,расход,6318.04,Steam
644,2025-07-12,одежда,расход,2417.39,Ozon
645,2025-09-26,одежда,расход,2411.67,Wildberries
646,2025-06-10,еда,расход,5417.0,Макдоналдс
647,2025-10-09,путешествия,расход,47260.61,Booking.com
648,2025-07-23,транспорт,расход,9618.0,Метро
649,2025-07-07,жильё,расход,6700.96,ЖСК
650,2025-10-13,одежда,расход,5438.6,Zara
651,2025-09-15,коммунальные,расход,7986.41,Энергосбыт
652,2025-07-09,развлечения,расход,8726.43,Киномакс
653,2025-07-08,транспорт,расход,2471.94,Метро
654,2025-06-28,зарплата,доход,78437.52,ООО 'ТехПро'
655,2025-06-02,инвестиции,доход,522.48,Брокер: Тинькофф
656,2025-05-31,развлечения,расход,4107.38,Клуб 'Ритм'
657,2025-08-07,транспорт,расход,7900.66,Метро
658,2025-08-06,прочее,расход,8763.54,Разное
659,2025-11-19,еда,расход,2345.68,IKEA
660,2025-07-12,одежда,расход,1105.52,H&M
661,2025-06-02,жильё,расход,45913.72,ЖКХ
662,2025-06-04,зарплата,доход,50034.52,ООО 'ТехПро'
663,2025-06-19,жильё,расход,11352.99,ЖСК
664,2025-11-02,одежда,расход,2308.3,Zara
665,2025-10-15,подарки,доход,14501.43,Родственники
666,2025-06-20,жильё,расход,49334.95,ЖСК
667,2025-10-02,подарки,доход,19864.16,Родственники
668,2025-08-20,развлечения,расход,5455.42,Клуб 'Ритм'
669,2025-11-04,подарки,доход,11502.59,Родственники
670,2025-08-11,транспорт,расход,9821.06,BusCo
671,2025-10-30,еда,расход,6588.23,Пятёрочка
672,2025-10-18,транспорт,расход,4716.91,Яндекс.Такси
673,2025-06-05,коммунальные,расход,3303.91,Энергосбыт
674,2025-10-28,образование,расход,7877.29,КурсПро
675,2025-11-16,транспорт,расход,332.02,BusCo
676,2025-10-29,одежда,расход,519.82,Ozon
677,2025-07-27,здоровье,расход,3507.07,Аптека 'Фарм'
678,2025-11-11,коммунальные,расход,8988.92,Энергосбыт
679,2025-11-14,образование,расход,7542.39,Udemy
680,2025-09-03,зарплата,доход,47412.46,ООО 'Ромашка'
681,2025-06-02,транспорт,расход,2456.01,BlaBlaBus
682,2025-06-04,жильё,расход,26920.23,Арендодатель
683,2025-10-30,образование,расход,8142.17,Онлайн-школа
684,2025-10-13,транспорт,расход,4137.08,Яндекс.Такси
685,2025-07-21,прочее,расход,6928.37,Разное
686,2025-10-13,одежда,расход,4226.81,Ozon
687,2025-06-14,транспорт,расход,3524.26,BlaBlaBus
688,2025-11-19,прочее,расход,4740.18,Разное
689,2025-09-09,транспорт,расход,5944.86,Яндекс.Такси
690,2025-08-19,развлечения,расход,5751.88,ConcertHall
691,2025-07-24,фриланс,доход,42640.01,Фриланс
692,2025-08-15,одежда,расход,878.43,Wildberries
693,2025-06-17,инвестиции,доход,13227.35,Брокер: Тинькофф
694,2025-10-13,фриланс,доход,53721.22,Фриланс
695,2025-09-14,фриланс,доход,48464.71,Клиент A
696,2025-11-13,здоровье,расход,2119.02,Семейная клиника
697,2025-06-26,еда,расход,1321.61,Магнит
698,2025-08-18,коммунальные,расход,6996.24,ГазСбыт
699,2025-07-02,еда,расход,8819.58,Макдоналдс
700,2025-08-25,транспорт,расход,1384.99,Метро
701,2025-06-14,здоровье,расход,6521.93,Аптека 'Фарм'
702,2025-10-17,путешествия,расход,46988.83,Booking.com
703,2025-08-04,транспорт,расход,1020.96,BlaBlaBus
704,2025-07-09,жильё,расход,52132.09,ЖКХ
705,2025-06-10,одежда,расход,6853.72,H&M
706,2025-05-27,одежда,расход,9976.13,Ozon
707,2025-08-01,транспорт,расход,4845.15,Яндекс.Такси
708,2025-11-15,еда,расход,4674.23,IKEA
709,2025-10-12,развлечения,расход,4729.51,Клуб 'Ритм'
710,2025-06-27,еда,расход,6674.44,Макдоналдс
711,2025-08-26,жильё,расход,9037.55,Арендодатель
712,2025-09-09,еда,расход,2985.96,Пятёрочка
713,2025-10-07,развлечения,расход,1802.64,ConcertHall
714,2025-10-28,транспорт,расход,9761.77,BlaBlaBus
715,2025-05-29,одежда,расход,2423.53,Zara
716,2025-08-06,фриланс,доход,59913.28,Upwork
717,2025-07-11,путешествия,расход,15030.24,Tutu.ru
718,2025-11-21,одежда,расход,4788.24,Ozon
719,2025-11-05,развлечения,расход,1674.33,Киномакс
720,2025-06-12,одежда,расход,7748.99,Wildberries
721,2025-10-16,зарплата,доход,89142.82,ООО 'Ромашка'
722,2025-09-23,транспорт,расход,532.7,Яндекс.Такси
723,2025-06-23,прочее,расход,7120.25,Разное
724,2025-09-12,коммунальные,расход,996.3,ГазСбыт
725,2025-10-03,зарплата,доход,83134.31,ООО 'Ромашка'
726,2025-06-23,еда,расход,4832.99,Магнит
727,2025-06-15,еда,расход,365.92,IKEA
728,2025-09-03,развлечения,расход,953.18,Клуб 'Ритм'
729,2025-08-13,развлечения,расход,903.66,Steam
730,2025-08-19,еда,расход,1453.72,Burger King
731,2025-07-17,здоровье,расход,1803.06,Аптека 'Фарм'
732,2025-09-18,еда,расход,2632.94,Пятёрочка
733,2025-08-13,транспорт,расход,6998.24,BlaBlaBus
734,2025-08-31,образование,расход,5779.91,Онлайн-школа
735,2025-06-04,здоровье,расход,1192.96,Дентал-Про
736,2025-10-19,еда,расход,6484.95,IKEA
737,2025-06-15,транспорт,расход,4452.78,Яндекс.Такси
738,2025-11-17,зарплата,доход,95305.41,ООО 'Ромашка'
739,2025-06-30,одежда,расход,7593.64,Zara
740,2025-08-18,транспорт,расход,9941.34,Метро
741,2025-10-21,еда,расход,1605.01,Ашан
742,2025-08-29,транспорт,расход,5259.94,BusCo
743,2025-09-08,инвестиции,доход,2247.35,Брокер: Финам
744,2025-10-26,одежда,расход,8068.79,Wildberries
745,2025-10-05,транспорт,расход,1791.28,BusCo
746,2025-05-31,фриланс,доход,59220.17,Upwork
747,2025-11-15,коммунальные,расход,5420.18,Энергосбыт
748,2025-09-11,развлечения,расход,2902.43,Steam
749,2025-07-23,коммунальные,расход,9000.97,Энергосбыт
750,2025-10-19,возврат,доход,1552.78,Кэшбек банк
751,2025-08-18,еда,расход,5187.99,Burger King
752,2025-10-29,коммунальные,расход,1341.6,Энергосбыт
753,2025-10-19,транспорт,расход,5076.05,BusCo
754,2025-06-07,одежда,расход,221.0,Ozon
755,2025-06-08,образование,расход,3963.92,Udemy
756,2025-11-13,фриланс,доход,12308.93,Клиент A
757,2025-06-22,образование,расход,8918.51,Udemy
758,2025-11-18,жильё,расход,10629.09,Арендодатель
759,2025-07-31,еда,расход,5160.64,Delivery Club
760,2025-09-06,образование,расход,1220.95,Udemy
761,2025-08-12,подарки,доход,7052.06,Родственники
762,2025-07-19,подарки,доход,5228.98,Друзья
763,2025-06-08,здоровье,расход,6306.18,Аптека 'Фарм'
764,2025-09-06,одежда,расход,4325.28,H&M
765,2025-08-20,зарплата,доход,78166.71,АО 'Байт'
766,2025-09-25,зарплата,доход,89299.54,ООО 'Ромашка'
767,2025-08-02,еда,расход,3929.76,Burger King
768,2025-07-11,еда,расход,9568.75,Burger King
769,2025-07-18,одежда,расход,1014.99,Wildberries
770,2025-06-20,зарплата,доход,64385.43,ООО 'ТехПро'
771,2025-11-20,прочее,расход,1279.86,Разное
772,2025-08-23,зарплата,доход,42228.93,ООО 'ТехПро'
773,2025-10-29,путешествия,расход,23438.7,Авиакомпания
774,2025-09-17,одежда,расход,5914.77,H&M
775,2025-07-30,образование,расход,7559.04,Udemy
776,2025-09-25,зарплата,доход,96863.02,АО 'Байт'
777,2025-07-17,жильё,расход,48225.16,ЖСК
778,2025-06-28,транспорт,расход,6479.4,BlaBlaBus
779,2025-08-03,фриланс,доход,15122.11,Фриланс
780,2025-10-22,еда,расход,7175.39,Магнит
781,2025-06-25,коммунальные,расход,118.48,Энергосбыт
782,2025-10-13,еда,расход,9846.0,Пятёрочка
783,2025-09-19,коммунальные,расход,7337.38,Водоканал
784,2025-09-26,развлечения,расход,7790.74,Клуб 'Ритм'
785,2025-06-20,еда,расход,7749.79,Ашан
786,2025-07-04,образование,расход,5852.92,Онлайн-школа
787,2025-11-02,еда,расход,890.29,Delivery Club
788,2025-09-09,фриланс,доход,32168.85,Фриланс
789,2025-07-13,еда,расход,8559.81,Delivery Club
790,2025-11-18,еда,расход,1156.62,IKEA
791,2025-06-11,развлечения,расход,449.4,ConcertHall
792,2025-11-16,еда,расход,9701.41,Макдоналдс
793,2025-10-18,образование,расход,6710.69,КурсПро
794,2025-06-17,образование,расход,4633.11,Онлайн-школа
795,2025-08-28,зарплата,доход,51973.27,АО 'Байт'
796,2025-08-15,транспорт,расход,4959.84,Метро
797,2025-08-23,одежда,расход,5125.32,H&M
798,2025-07-20,фриланс,доход,38466.27,Фриланс
799,2025-06-28,развлечения,расход,5505.39,Клуб 'Ритм'
800,2025-11-06,зарплата,доход,83437.11,ООО 'ТехПро'
801,2025-07-19,развлечения,расход,7655.11,Steam
802,2025-05-26,транспорт,расход,9709.54,Метро
803,2025-06-13,развлечения,расход,6631.66,ConcertHall
804,2025-07-09,прочее,расход,484.57,Разное
805,2025-06-23,еда,расход,2023.35,Burger King
806,2025-09-02,фриланс,доход,20912.8,Фриланс
807,2025-10-25,еда,расход,6250.77,Макдоналдс
808,2025-06-30,развлечения,расход,1634.21,Киномакс
809,2025-11-10,здоровье,расход,9693.42,Семейная клиника
810,2025-08-15,путешествия,расход,43236.81,Tutu.ru
811,2025-08-27,жильё,расход,50209.72,ЖСК
812,2025-10-19,зарплата,доход,101610.49,ООО 'ТехПро'
813,2025-09-01,здоровье,расход,3546.75,Семейная клиника
814,2025-09-04,зарплата,доход,76143.66,АО 'Байт'
815,2025-05-28,транспорт,расход,1536.24,BlaBlaBus
816,2025-07-29,развлечения,расход,448.71,Киномакс
817,2025-08-29,здоровье,расход,9101.19,Семейная клиника
818,2025-11-05,зарплата,доход,112882.58,АО 'Байт'
819,2025-11-01,прочее,расход,6957.05,Разное
820,2025-06-08,жильё,расход,47208.75,ЖКХ
821,2025-10-17,путешествия,расход,9175.52,Booking.com
822,2025-10-30,зарплата,доход,99522.83,ООО 'Ромашка'
823,2025-08-05,образование,расход,3868.95,Udemy
824,2025-08-05,развлечения,расход,632.82,Киномакс
825,2025-08-31,зарплата,доход,98667.46,АО 'Байт'
826,2025-09-20,фриланс,доход,8001.36,Upwork
827,2025-09-17,транспорт,расход,5286.6,BlaBlaBus
828,2025-11-11,развлечения,расход,1788.83,Киномакс
829,2025-08-05,зарплата,доход,100314.66,ООО 'Ромашка'
830,2025-07-03,образование,расход,7885.34,Udemy
831,2025-11-11,здоровье,расход,6018.61,Семейная клиника
832,2025-10-02,еда,расход,1243.85,Delivery Club
833,2025-08-04,еда,расход,3150.92,Макдоналдс
834,2025-11-07,зарплата,доход,83044.33,АО 'Байт'
835,2025-10-05,зарплата,доход,51941.12,АО 'Байт'
836,2025-09-11,еда,расход,2078.84,Пятёрочка
837,2025-07-17,образование,расход,5852.41,Udemy
838,2025-06-30,одежда,расход,2569.47,Zara
839,2025-10-05,развлечения,расход,9651.37,ConcertHall
840,2025-10-27,прочее,расход,7775.34,Разное
841,2025-06-20,одежда,расход,6228.12,H&M
842,2025-10-09,транспорт,расход,985.65,Яндекс.Такси
843,2025-07-04,развлечения,расход,1838.68,ConcertHall
844,2025-07-05,жильё,расход,19135.4,Арендодатель
845,2025-06-03,развлечения,расход,234.71,Клуб 'Ритм'
846,2025-10-31,зарплата,доход,80375.52,ООО 'Ромашка'
847,2025-08-19,одежда,расход,9074.22,H&M
848,2025-09-09,одежда,расход,5903.06,Ozon
849,2025-11-13,транспорт,расход,9963.34,BusCo
850,2025-06-12,еда,расход,3857.32,Пятёрочка
851,2025-10-02,путешествия,расход,41601.99,Booking.com
852,2025-07-02,здоровье,расход,5021.88,Семейная клиника
853,2025-10-09,транспорт,расход,7584.95,BusCo
854,2025-09-02,еда,расход,2652.4,IKEA
855,2025-10-12,зарплата,доход,40540.34,ООО 'Ромашка'
856,2025-11-14,одежда,расход,1214.74,Ozon
857,2025-07-19,транспорт,расход,8022.57,Метро
858,2025-10-24,образование,расход,1813.11,Udemy
859,2025-10-05,одежда,расход,4016.33,Wildberries
860,2025-07-17,транспорт,расход,6215.6,BusCo
861,2025-07-20,еда,расход,6561.52,IKEA
862,2025-07-01,одежда,расход,5916.52,Ozon
863,2025-08-17,зарплата,доход,55649.63,ООО 'Ромашка'
864,2025-08-24,транспорт,расход,637.27,BlaBlaBus
865,2025-08-09,еда,расход,901.31,Магнит
866,2025-06-11,прочее,расход,6082.53,Разное
867,2025-09-15,здоровье,расход,5614.9,Семейная клиника
868,2025-10-22,зарплата,доход,66087.45,АО 'Байт'
869,2025-10-27,одежда,расход,9755.28,Zara
870,2025-10-17,развлечения,расход,2742.29,Steam
871,2025-11-19,транспорт,расход,3779.84,BlaBlaBus
872,2025-11-18,путешествия,расход,72077.26,Booking.com
873,2025-09-08,транспорт,расход,7394.6,Метро
874,2025-11-16,транспорт,расход,2285.68,Метро
875,2025-09-18,развлечения,расход,7836.19,Клуб 'Ритм'
876,2025-10-13,одежда,расход,8069.32,Ozon
877,2025-06-23,транспорт,расход,5072.46,BusCo
878,2025-11-07,одежда,расход,6637.52,H&M
879,2025-10-01,зарплата,доход,73304.7,ООО 'ТехПро'
880,2025-07-22,зарплата,доход,76552.93,ООО 'Ромашка'
881,2025-07-05,одежда,расход,9187.47,Wildberries
882,2025-08-10,еда,расход,2011.32,Магнит
883,2025-07-02,еда,расход,6769.03,Ашан
884,2025-08-06,зарплата,доход,64880.01,ООО 'Ромашка'
885,2025-10-22,еда,расход,895.66,Пятёрочка
886,2025-09-18,еда,расход,4511.02,Макдоналдс
887,2025-11-11,инвестиции,доход,2583.73,Брокер: Финам
888,2025-08-08,транспорт,расход,9036.66,Метро
889,2025-07-14,еда,расход,9209.14,Пятёрочка
890,2025-10-29,транспорт,расход,619.19,Метро
891,2025-07-09,фриланс,доход,54992.04,Клиент A
892,2025-10-29,фриланс,доход,46995.39,Клиент A
893,2025-07-10,развлечения,расход,3336.37,Клуб 'Ритм'
894,2025-05-27,транспорт,расход,1871.25,BusCo
895,2025-09-07,зарплата,доход,86521.58,ООО 'Ромашка'
896,2025-06-09,образование,расход,9865.73,КурсПро
897,2025-09-21,развлечения,расход,9917.23,Клуб 'Ритм'
898,2025-06-11,одежда,расход,5876.26,H&M
899,2025-07-31,прочее,расход,6844.28,Разное
900,2025-07-30,фриланс,доход,5432.39,Upwork
901,2025-09-20,зарплата,доход,38641.41,ООО 'ТехПро'
902,2025-09-25,еда,расход,3503.36,Макдоналдс
903,2025-08-12,прочее,расход,6064.44,Разное
904,2025-07-30,прочее,расход,8984.8,Разное
905,2025-10-26,коммунальные,расход,1359.84,Энергосбыт
906,2025-09-10,развлечения,расход,9398.44,ConcertHall
907,2025-11-12,развлечения,расход,4324.59,Киномакс
908,2025-08-31,развлечения,расход,7281.52,Киномакс
909,2025-10-03,зарплата,доход,85682.34,ООО 'Ромашка'
910,2025-06-22,еда,расход,7499.62,Delivery Club
911,2025-07-30,прочее,расход,1105.77,Разное
912,2025-06-28,транспорт,расход,2111.18,Яндекс.Такси
913,2025-09-30,зарплата,доход,89190.95,ООО 'ТехПро'
914,2025-08-09,транспорт,расход,8694.39,Метро
915,2025-08-11,путешествия,расход,39797.17,Tutu.ru
916,2025-10-05,еда,расход,8429.04,Burger King
917,2025-08-12,транспорт,расход,4088.18,Метро
918,2025-06-07,развлечения,расход,5660.9,Клуб 'Ритм'
919,2025-10-26,инвестиции,доход,1598.18,Брокер: Финам
920,2025-09-30,зарплата,доход,45815.43,ООО 'Ромашка'
921,2025-07-04,зарплата,доход,79806.61,АО 'Байт'
922,2025-09-25,еда,расход,5957.04,Пятёрочка
923,2025-06-11,еда,расход,5865.88,Ашан
924,2025-09-15,транспорт,расход,3979.74,Яндекс.Такси
925,2025-10-01,развлечения,расход,4361.91,ConcertHall
926,2025-08-06,путешествия,расход,8982.23,Авиакомпания
927,2025-06-24,транспорт,расход,6969.31,Метро
928,2025-08-13,прочее,расход,2668.77,Разное
929,2025-10-18,еда,расход,785.46,Burger King
930,2025-07-16,еда,расход,6374.55,Макдоналдс
931,2025-07-31,развлечения,расход,1190.22,Клуб 'Ритм'
932,2025-09-14,зарплата,доход,76507.41,ООО 'Ромашка'
933,2025-11-14,путешествия,расход,20277.94,Booking.com
934,2025-07-06,транспорт,расход,1290.95,Яндекс.Такси
935,2025-06-13,еда,расход,709.35,Макдоналдс
936,2025-10-27,развлечения,расход,200.26,Киномакс
937,2025-09-07,коммунальные,расход,7460.86,ГазСбыт
938,2025-06-20,прочее,расход,8904.57,Разное
939,2025-10-11,еда,расход,5377.81,Burger King
940,2025-08-29,зарплата,доход,93932.57,АО 'Байт'
941,2025-10-23,образование,расход,2708.56,Онлайн-школа
942,2025-09-06,зарплата,доход,89312.55,ООО 'ТехПро'
943,2025-08-29,одежда,расход,4516.05,Zara
944,2025-08-18,развлечения,расход,8372.95,Киномакс
945,2025-07-24,еда,расход,6798.81,Пятёрочка
946,2025-06-02,жильё,расход,5675.39,Арендодатель
947,2025-11-13,транспорт,расход,4707.67,Метро
948,2025-05-31,одежда,расход,4969.95,Ozon
949,2025-06-07,развлечения,расход,9201.73,Клуб 'Ритм'
950,2025-08-25,зарплата,доход,110596.93,АО 'Байт'
951,2025-11-17,еда,расход,3773.5,Пятёрочка
952,2025-09-05,еда,расход,1179.35,Delivery Club
953,2025-07-26,развлечения,расход,3465.71,ConcertHall
954,2025-07-20,развлечения,расход,1317.47,ConcertHall
955,2025-08-13,одежда,расход,5260.3,Ozon
956,2025-10-27,коммунальные,расход,4810.22,Энергосбыт
957,2025-07-05,фриланс,доход,12079.97,Upwork
958,2025-07-25,развлечения,расход,308.52,Киномакс
959,2025-10-02,жильё,расход,24737.35,ЖСК
960,2025-08-08,образование,расход,9952.42,КурсПро
961,2025-08-23,жильё,расход,13487.17,ЖКХ
962,2025-06-03,коммунальные,расход,8211.34,Энергосбыт
963,2025-07-20,подарки,доход,14876.85,Друзья
964,2025-10-25,коммунальные,расход,8118.94,Энергосбыт
965,2025-11-19,транспорт,расход,8558.77,BusCo
966,2025-08-12,транспорт,расход,4870.88,Яндекс.Такси
967,2025-10-21,образование,расход,3988.75,Udemy
968,2025-11-10,одежда,расход,3587.34,Zara
969,2025-09-27,еда,расход,5928.42,Пятёрочка
970,2025-06-09,еда,расход,8908.19,Магнит
971,2025-09-17,транспорт,расход,4878.8,Яндекс.Такси
972,2025-10-28,образование,расход,9474.19,КурсПро
973,2025-06-22,подарки,доход,3176.64,Родственники
974,2025-09-29,коммунальные,расход,71.42,ГазСбыт
975,2025-08-01,еда,расход,3530.99,Магнит
976,2025-08-30,транспорт,расход,1298.74,Яндекс.Такси
977,2025-09-15,одежда,расход,7674.78,H&M
978,2025-08-13,транспорт,расход,1089.36,BlaBlaBus
979,2025-08-17,еда,расход,3362.29,Пятёрочка
980,2025-07-14,еда,расход,6557.47,Delivery Club
981,2025-08-30,развлечения,расход,2922.56,ConcertHall
982,2025-11-08,транспорт,расход,4029.13,BusCo
983,2025-10-24,транспорт,расход,8869.12,BlaBlaBus
984,2025-06-28,еда,расход,7211.8,Delivery Club
985,2025-06-10,развлечения,расход,3848.87,ConcertHall
986,2025-07-09,фриланс,доход,53118.62,Фриланс
987,2025-09-18,транспорт,расход,8736.26,BusCo
988,2025-07-29,путешествия,расход,17418.55,Авиакомпания
989,2025-08-07,прочее,расход,7227.11,Разное
990,2025-07-30,еда,расход,1161.51,Магнит
991,2025-06-24,одежда,расход,4086.48,Ozon
992,2025-08-05,образование,расход,9034.01,Онлайн-школа
993,2025-09-21,транспорт,расход,5350.3,Яндекс.Такси
994,2025-07-09,еда,расход,6348.41,Магнит
995,2025-08-06,жильё,расход,57079.85,Арендодатель
996,2025-07-13,прочее,расход,1563.69,Разное
997,2025-05-29,подарки,доход,11996.36,Родственники
998,2025-07-25,здоровье,расход,2406.4,Дентал-Про
999,2025-08-01,возврат,доход,8859.54,Кэшбек банк
1000,2025-08-14,зарплата,доход,72534.31,ООО 'Ромашка'
1001,2025-11-01,фриланс,доход,46452.72,Фриланс
1002,2025-08-08,коммунальные,расход,1049.97,Энергосбыт
1003,2025-10-30,развлечения,расход,3824.36,Клуб 'Ритм'
1004,2025-06-18,одежда,расход,3350.92,Ozon
1005,2025-11-01,транспорт,расход,8654.73,BlaBlaBus
1006,2025-07-29,коммунальные,расход,8075.96,Энергосбыт
1007,2025-09-12,здоровье,расход,5501.78,Дентал-Про
1008,2025-07-21,еда,расход,4390.71,Пятёрочка
1009,2025-08-05,еда,расход,982.25,Burger King
1010,2025-07-29,фриланс,доход,48098.35,Фриланс
1011,2025-09-07,еда,расход,674.27,Макдоналдс
1012,2025-10-07,жильё,расход,33764.11,Арендодатель
1013,2025-11-18,одежда,расход,834.82,Wildberries
1014,2025-10-14,транспорт,расход,2523.81,BlaBlaBus
1015,2025-08-02,развлечения,расход,7183.19,Киномакс
1016,2025-08-31,образование,расход,6304.98,Udemy
1017,2025-06-29,еда,расход,7244.88,IKEA
1018,2025-10-04,транспорт,расход,124.9,Метро
1019,2025-10-01,еда,расход,9770.5,Ашан
1020,2025-08-11,еда,расход,3843.06,Пятёрочка
1021,2025-07-20,жильё,расход,28843.48,ЖСК
1022,2025-08-09,еда,расход,5752.02,Ашан
1023,2025-08-13,транспорт,расход,8183.93,Метро
1024,2025-06-16,транспорт,расход,7617.75,BlaBlaBus
1025,2025-07-11,коммунальные,расход,6593.83,Водоканал
1026,2025-07-01,еда,расход,3078.84,Магнит
1027,2025-05-31,развлечения,расход,8666.95,Клуб 'Ритм'
1028,2025-10-18,зарплата,доход,112031.44,ООО 'Ромашка'
1029,2025-10-11,зарплата,доход,111494.07,ООО 'Ромашка'
1030,2025-06-11,зарплата,доход,84139.66,АО 'Байт'
1031,2025-08-13,еда,расход,8548.99,IKEA
1032,2025-09-28,транспорт,расход,158.36,BlaBlaBus
1033,2025-07-18,фриланс,доход,53974.96,Клиент A
1034,2025-10-22,зарплата,доход,40478.0,АО 'Байт'
1035,2025-07-30,еда,расход,6179.88,Пятёрочка
1036,2025-07-18,жильё,расход,28526.87,Арендодатель
1037,2025-08-28,зарплата,доход,59623.69,АО 'Байт'
1038,2025-06-18,еда,расход,3607.65,Макдоналдс
1039,2025-11-12,еда,расход,5959.97,IKEA
1040,2025-11-20,прочее,расход,7755.58,Разное
1041,2025-08-26,жильё,расход,11960.04,Арендодатель
1042,2025-11-06,здоровье,расход,4848.15,Аптека 'Фарм'
1043,2025-10-19,одежда,расход,8687.14,H&M
1044,2025-06-11,прочее,расход,3918.49,Разное
1045,2025-11-10,одежда,расход,403.9,Ozon
1046,2025-10-25,еда,расход,2121.79,Магнит
1047,2025-07-19,коммунальные,расход,9626.95,Водоканал
1048,2025-05-25,еда,расход,4204.82,Пятёрочка
1049,2025-07-18,прочее,расход,4720.86,Разное
1050,2025-06-12,зарплата,доход,77987.04,ООО 'ТехПро'
1051,2025-11-04,еда,расход,4548.22,Пятёрочка
1052,2025-11-01,еда,расход,2591.95,Макдоналдс
1053,2025-07-22,коммунальные,расход,3451.11,Энергосбыт
1054,2025-09-06,здоровье,расход,1794.12,Аптека 'Фарм'
1055,2025-09-06,еда,расход,8299.01,Ашан
1056,2025-08-02,развлечения,расход,2857.81,ConcertHall
1057,2025-11-18,еда,расход,8604.43,Ашан
1058,2025-08-14,еда,расход,5682.38,Ашан
1059,2025-09-03,еда,расход,762.35,Ашан
1060,2025-08-13,развлечения,расход,2352.12,Steam
1061,2025-08-27,зарплата,доход,78816.26,АО 'Байт'
1062,2025-07-13,еда,расход,8307.09,Магнит
1063,2025-06-12,здоровье,расход,4595.13,Семейная клиника
1064,2025-07-07,путешествия,расход,36833.36,Авиакомпания
1065,2025-07-21,еда,расход,4243.77,Пятёрочка
1066,2025-10-03,путешествия,расход,76085.32,Tutu.ru
1067,2025-06-03,транспорт,расход,113.43,Метро
1068,2025-06-24,жильё,расход,19623.27,Арендодатель
1069,2025-08-20,зарплата,доход,79443.08,АО 'Байт'
1070,2025-06-12,еда,расход,8261.46,Магнит
1071,2025-06-20,развлечения,расход,5462.07,ConcertHall
1072,2025-11-16,здоровье,расход,1705.15,Аптека 'Фарм'
1073,2025-07-15,прочее,расход,5788.58,Разное
1074,2025-09-13,зарплата,доход,103457.82,ООО 'Ромашка'
1075,2025-07-02,транспорт,расход,2290.73,BusCo
1076,2025-07-09,еда,расход,1934.5,Магнит
1077,2025-07-04,еда,расход,6792.83,Магнит
1078,2025-06-23,образование,расход,9355.21,Udemy
1079,2025-07-01,путешествия,расход,10229.15,Авиакомпания
1080,2025-10-03,еда,расход,6082.41,IKEA
1081,2025-07-23,еда,расход,3169.37,Макдоналдс
1082,2025-10-28,жильё,расход,41292.5,Арендодатель
1083,2025-08-22,фриланс,доход,43600.72,Клиент A
1084,2025-11-13,зарплата,доход,67938.02,ООО 'Ромашка'
1085,2025-08-17,прочее,расход,8835.14,Разное
1086,2025-09-16,развлечения,расход,5533.07,Киномакс
1087,2025-07-26,одежда,расход,4206.37,H&M
1088,2025-09-27,одежда,расход,5795.83,H&M
1089,2025-10-20,прочее,расход,2606.09,Разное
1090,2025-06-09,развлечения,расход,9537.87,Клуб 'Ритм'
1091,2025-06-12,одежда,расход,4690.72,Zara
1092,2025-07-19,зарплата,доход,35814.71,ООО 'Ромашка'
1093,2025-09-29,зарплата,доход,53938.36,ООО 'Ромашка'
1094,2025-10-06,инвестиции,доход,3646.23,Брокер: Финам
1095,2025-11-01,еда,расход,434.63,Delivery Club
1096,2025-09-23,транспорт,расход,2326.54,Метро
1097,2025-09-29,еда,расход,8924.37,Магнит
1098,2025-06-05,еда,расход,2393.96,IKEA
1099,2025-05-30,одежда,расход,4006.35,Wildberries
1100,2025-10-24,развлечения,расход,5592.58,ConcertHall
1101,2025-07-16,еда,расход,4423.84,Ашан
1102,2025-11-06,зарплата,доход,74821.61,ООО 'Ромашка'
1103,2025-08-12,зарплата,доход,58121.38,АО 'Байт'
1104,2025-09-18,еда,расход,666.01,Пятёрочка
1105,2025-11-06,здоровье,расход,7614.79,Семейная клиника
1106,2025-09-17,транспорт,расход,1433.49,Яндекс.Такси
1107,2025-09-01,прочее,расход,4240.98,Разное
1108,2025-08-12,здоровье,расход,9149.98,Семейная клиника
1109,2025-06-20,еда,расход,2144.0,Ашан
1110,2025-07-04,жильё,расход,29414.47,ЖСК
1111,2025-10-03,развлечения,расход,2362.32,Steam
1112,2025-09-26,еда,расход,2050.01,Burger King
1113,2025-06-17,зарплата,доход,82101.78,ООО 'ТехПро'
1114,2025-08-24,еда,расход,7562.02,Delivery Club
1115,2025-09-24,коммунальные,расход,82.5,Водоканал
1116,2025-06-06,фриланс,доход,10652.42,Клиент A
1117,2025-08-26,зарплата,доход,113992.72,АО 'Байт'
1118,2025-11-10,транспорт,расход,361.98,BlaBlaBus
1119,2025-10-09,транспорт,расход,8180.34,BlaBlaBus
1120,2025-11-13,коммунальные,расход,8138.77,Водоканал
1121,2025-10-14,жильё,расход,26190.32,Арендодатель
1122,2025-05-28,здоровье,расход,5506.11,Дентал-Про
1123,2025-11-08,еда,расход,3653.71,Магнит
1124,2025-09-29,жильё,расход,45019.01,Арендодатель
1125,2025-08-16,одежда,расход,3619.22,Zara
1126,2025-06-20,здоровье,расход,9387.5,Семейная клиника
1127,2025-09-16,еда,расход,6439.81,Burger King
1128,2025-08-23,развлечения,расход,5695.44,Клуб 'Ритм'
1129,2025-08-11,образование,расход,2180.26,Udemy
1130,2025-10-21,транспорт,расход,6700.02,Метро
1131,2025-08-18,развлечения,расход,1513.21,Steam
1132,2025-08-30,здоровье,расход,1868.08,Аптека 'Фарм'
1133,2025-06-21,зарплата,доход,43629.92,ООО 'Ромашка'
1134,2025-08-15,фриланс,доход,3552.99,Upwork
1135,2025-07-20,еда,расход,1140.89,Ашан
1136,2025-10-08,коммунальные,расход,4964.24,Энергосбыт
1137,2025-09-01,прочее,расход,4509.39,Разное
1138,2025-11-11,зарплата,доход,118315.34,ООО 'Ромашка'
1139,2025-11-16,зарплата,доход,101651.76,ООО 'ТехПро'
1140,2025-09-16,зарплата,доход,75338.41,ООО 'Ромашка'
1141,2025-05-29,еда,расход,4058.94,Макдоналдс
1142,2025-05-27,коммунальные,расход,9004.52,Водоканал
1143,2025-08-10,жильё,расход,48190.09,ЖКХ
1144,2025-08-15,фриланс,доход,46022.13,Клиент A
1145,2025-09-25,развлечения,расход,9181.06,Киномакс
1146,2025-09-16,развлечения,расход,4912.74,Киномакс
1147,2025-07-12,еда,расход,1206.68,Ашан
1148,2025-11-04,еда,расход,5776.69,Ашан
1149,2025-09-07,зарплата,доход,99393.59,АО 'Байт'
1150,2025-09-11,фриланс,доход,27338.54,Клиент A
1151,2025-08-01,еда,расход,8749.35,Delivery Club
1152,2025-10-22,фриланс,доход,57329.54,Клиент A
1153,2025-08-23,развлечения,расход,2800.74,Клуб 'Ритм'
1154,2025-08-26,транспорт,расход,2522.14,BlaBlaBus
1155,2025-10-25,еда,расход,9136.12,Delivery Club
1156,2025-10-20,коммунальные,расход,7574.61,Энергосбыт
1157,2025-07-07,еда,расход,1099.82,Магнит
1158,2025-08-02,транспорт,расход,9192.41,BusCo
1159,2025-10-20,коммунальные,расход,9145.94,Энергосбыт
1160,2025-08-17,развлечения,расход,7567.2,ConcertHall
1161,2025-09-05,еда,расход,3447.56,Delivery Club
1162,2025-11-20,одежда,расход,9344.49,Wildberries
1163,2025-06-18,одежда,расход,7747.53,Zara
1164,2025-09-04,коммунальные,расход,6475.9,Водоканал
1165,2025-09-16,здоровье,расход,3672.93,Дентал-Про
1166,2025-08-09,коммунальные,расход,358.75,Энергосбыт
1167,2025-10-29,зарплата,доход,80673.03,ООО 'ТехПро'
1168,2025-11-18,фриланс,доход,16662.65,Фриланс
1169,2025-08-28,транспорт,расход,2683.89,Метро
1170,2025-06-22,развлечения,расход,6881.68,Киномакс
1171,2025-07-05,развлечения,расход,5591.77,ConcertHall
1172,2025-08-30,подарки,доход,16640.71,Друзья
1173,2025-09-12,еда,расход,4569.01,Макдоналдс
1174,2025-08-14,еда,расход,877.06,Ашан
1175,2025-09-23,развлечения,расход,1822.61,Клуб 'Ритм'
1176,2025-09-22,еда,расход,8449.75,Delivery Club
1177,2025-10-10,зарплата,доход,84089.36,ООО 'Ромашка'
1178,2025-05-29,жильё,расход,21532.29,Арендодатель
1179,2025-11-14,еда,расход,6169.01,Delivery Club
1180,2025-07-14,еда,расход,6979.11,Макдоналдс
1181,2025-08-17,еда,расход,5225.11,Пятёрочка
1182,2025-09-10,зарплата,доход,86020.11,ООО 'ТехПро'
1183,2025-09-29,одежда,расход,3724.99,Wildberries
1184,2025-09-02,прочее,расход,6220.54,Разное
1185,2025-07-26,транспорт,расход,1553.42,BusCo
1186,2025-07-18,подарки,доход,6055.64,Родственники
1187,2025-11-01,развлечения,расход,448.7,Киномакс
1188,2025-06-25,еда,расход,5150.26,IKEA
1189,2025-08-21,возврат,доход,9723.85,Кэшбек банк
1190,2025-10-25,еда,расход,6022.99,Delivery Club
1191,2025-10-02,прочее,расход,6676.47,Разное
1192,2025-07-06,коммунальные,расход,8020.78,Водоканал
1193,2025-06-21,здоровье,расход,4509.16,Дентал-Про
1194,2025-07-06,зарплата,доход,106369.09,ООО 'ТехПро'
1195,2025-08-31,прочее,расход,4865.59,Разное
1196,2025-11-13,здоровье,расход,4287.39,Семейная клиника
1197,2025-06-22,одежда,расход,7186.69,Zara
1198,2025-07-05,еда,расход,2696.4,Ашан
1199,2025-06-02,путешествия,расход,76719.04,Авиакомпания
1200,2025-06-08,еда,расход,4790.2,Магнит
1201,2025-06-01,транспорт,расход,7997.31,BusCo
1202,2025-06-22,еда,расход,2810.0,Burger King
1203,2025-10-21,жильё,расход,14649.31,ЖКХ
1204,2025-05-26,одежда,расход,6251.69,Ozon
1205,2025-06-04,еда,расход,771.72,Burger King
1206,2025-08-12,еда,расход,7514.0,Delivery Club
1207,2025-10-23,развлечения,расход,4228.54,Киномакс
1208,2025-06-18,еда,расход,2003.81,Ашан
1209,2025-06-15,здоровье,расход,8273.86,Дентал-Про
1210,2025-08-27,транспорт,расход,1743.52,BusCo
1211,2025-05-30,зарплата,доход,73388.84,АО 'Байт'
1212,2025-06-03,еда,расход,4734.85,Ашан
1213,2025-11-08,коммунальные,расход,6768.11,Водоканал
1214,2025-09-15,развлечения,расход,1263.31,Клуб 'Ритм'
1215,2025-11-14,еда,расход,6644.65,Burger King
1216,2025-07-23,жильё,расход,44402.6,ЖКХ
1217,2025-07-18,еда,расход,7094.36,Магнит
1218,2025-09-16,одежда,расход,7042.52,Ozon
1219,2025-08-23,еда,расход,5512.1,IKEA
1220,2025-10-03,прочее,расход,3751.12,Разное
1221,2025-11-05,зарплата,доход,82913.76,ООО 'Ромашка'
1222,2025-09-16,еда,расход,7346.72,IKEA
1223,2025-09-29,транспорт,расход,3641.96,Яндекс.Такси
1224,2025-08-02,еда,расход,4162.85,Burger King
1225,2025-06-03,еда,расход,4965.7,IKEA
1226,2025-11-12,одежда,расход,2957.62,Zara
1227,2025-08-26,фриланс,доход,36502.26,Upwork
1228,2025-11-01,коммунальные,расход,8095.57,Энергосбыт
1229,2025-10-25,жильё,расход,40081.19,ЖСК
1230,2025-09-02,еда,расход,6408.97,Магнит
1231,2025-11-17,развлечения,расход,2018.94,Киномакс
1232,2025-08-26,фриланс,доход,48472.28,Фриланс
1233,2025-06-13,фриланс,доход,58439.11,Фриланс
1234,2025-11-07,одежда,расход,3868.95,H&M
1235,2025-10-01,жильё,расход,27497.84,ЖСК
1236,2025-09-26,еда,расход,3804.65,Ашан
1237,2025-06-26,еда,расход,1258.79,Ашан
1238,2025-11-21,зарплата,доход,43637.19,ООО 'ТехПро'
1239,2025-09-24,коммунальные,расход,8819.94,ГазСбыт
1240,2025-11-09,развлечения,расход,5026.82,Клуб 'Ритм'
1241,2025-09-12,фриланс,доход,28227.33,Клиент A
1242,2025-08-31,путешествия,расход,28918.23,Booking.com
1243,2025-07-25,зарплата,доход,71933.91,АО 'Байт'
1244,2025-10-16,образование,расход,3173.21,КурсПро
1245,2025-10-05,зарплата,доход,79161.73,ООО 'ТехПро'
1246,2025-08-09,развлечения,расход,9817.0,Steam
1247,2025-09-27,развлечения,расход,5882.89,Steam
1248,2025-06-16,транспорт,расход,4254.09,BlaBlaBus
1249,2025-09-08,транспорт,расход,9801.46,Яндекс.Такси
1250,2025-11-16,еда,расход,2839.09,Delivery Club
1251,2025-09-27,развлечения,расход,6380.17,ConcertHall
1252,2025-08-26,одежда,расход,5291.65,H&M
1253,2025-10-25,транспорт,расход,7281.93,BlaBlaBus
1254,2025-08-28,транспорт,расход,9509.47,BlaBlaBus
1255,2025-07-04,зарплата,доход,94956.43,АО 'Байт'
1256,2025-09-10,развлечения,расход,6392.03,Steam
1257,2025-09-20,одежда,расход,8396.8,H&M
1258,2025-10-16,образование,расход,1222.27,Udemy
1259,2025-11-04,путешествия,расход,20411.44,Авиакомпания
1260,2025-10-01,коммунальные,расход,2523.49,Водоканал
1261,2025-05-31,развлечения,расход,7030.67,ConcertHall
1262,2025-06-18,фриланс,доход,46121.79,Фриланс
1263,2025-07-30,транспорт,расход,3382.78,BusCo
1264,2025-06-25,еда,расход,2701.53,Delivery Club
1265,2025-05-28,транспорт,расход,9227.09,BlaBlaBus
1266,2025-10-17,одежда,расход,6265.3,Wildberries
1267,2025-10-07,зарплата,доход,101480.68,ООО 'ТехПро'
1268,2025-07-15,еда,расход,9119.6,Магнит
1269,2025-08-02,еда,расход,5016.51,Макдоналдс
1270,2025-07-26,еда,расход,8597.51,Макдоналдс
1271,2025-06-14,зарплата,доход,64807.66,АО 'Байт'
1272,2025-08-29,одежда,расход,4676.84,H&M
1273,2025-07-01,коммунальные,расход,607.0,Водоканал
1274,2025-08-25,зарплата,доход,116288.64,ООО 'ТехПро'
1275,2025-07-01,еда,расход,6100.78,Макдоналдс
1276,2025-09-08,еда,расход,6430.84,Пятёрочка
1277,2025-11-14,прочее,расход,2169.82,Разное
1278,2025-10-01,зарплата,доход,49353.07,ООО 'ТехПро'
1279,2025-10-30,еда,расход,8247.94,IKEA
1280,2025-11-09,развлечения,расход,1268.55,ConcertHall
1281,2025-07-23,жильё,расход,22716.33,Арендодатель
1282,2025-10-03,образование,расход,3322.87,Онлайн-школа
1283,2025-11-05,развлечения,расход,3099.71,ConcertHall
1284,2025-11-15,фриланс,доход,24615.86,Фриланс
1285,2025-11-17,здоровье,расход,4705.4,Дентал-Про
1286,2025-05-30,прочее,расход,8193.95,Разное
1287,2025-10-10,зарплата,доход,110516.08,ООО 'Ромашка'
1288,2025-06-25,одежда,расход,3892.76,Wildberries
1289,2025-08-24,путешествия,расход,40735.02,Авиакомпания
1290,2025-08-26,одежда,расход,7295.12,H&M
1291,2025-10-17,зарплата,доход,40843.0,ООО 'Ромашка'
1292,2025-10-28,коммунальные,расход,6531.1,Водоканал
1293,2025-08-13,фриланс,доход,31013.46,Фриланс
1294,2025-05-28,подарки,доход,9728.72,Родственники
1295,2025-11-02,прочее,расход,5079.19,Разное
1296,2025-10-10,транспорт,расход,8231.78,BlaBlaBus
1297,2025-08-21,еда,расход,8694.07,Пятёрочка
1298,2025-09-30,транспорт,расход,6351.76,Метро
1299,2025-08-19,жильё,расход,30608.48,ЖСК
1300,2025-08-22,здоровье,расход,4474.24,Дентал-Про
1301,2025-06-10,еда,расход,6733.93,Ашан
1302,2025-06-17,одежда,расход,9352.54,Wildberries
1303,2025-07-25,образование,расход,4043.32,Онлайн-школа
1304,2025-09-08,транспорт,расход,2751.59,Яндекс.Такси
1305,2025-09-25,подарки,доход,11250.69,Друзья
1306,2025-06-21,коммунальные,расход,8013.12,Энергосбыт
1307,2025-10-22,развлечения,расход,8456.84,ConcertHall
1308,2025-11-14,транспорт,расход,5032.12,Метро
1309,2025-07-13,еда,расход,9562.22,Delivery Club
1310,2025-11-11,образование,расход,1061.26,КурсПро
1311,2025-05-26,образование,расход,1515.68,Udemy
1312,2025-08-29,транспорт,расход,6904.36,Метро
1313,2025-08-19,коммунальные,расход,4147.38,ГазСбыт
1314,2025-08-22,развлечения,расход,8427.62,Клуб 'Ритм'
1315,2025-08-22,зарплата,доход,95460.66,ООО 'Ромашка'
1316,2025-09-25,здоровье,расход,7284.29,Аптека 'Фарм'
1317,2025-07-07,одежда,расход,7588.15,H&M
1318,2025-10-08,жильё,расход,44845.01,ЖКХ
1319,2025-06-20,еда,расход,2942.71,Ашан
1320,2025-10-30,транспорт,расход,3577.51,BlaBlaBus
1321,2025-07-03,образование,расход,8442.88,Udemy
1322,2025-07-28,одежда,расход,7932.53,Ozon
1323,2025-11-21,транспорт,расход,3399.36,BusCo
1324,2025-06-02,транспорт,расход,1358.11,Метро
1325,2025-09-30,возврат,доход,9242.8,Кэшбек банк
1326,2025-06-01,фриланс,доход,20707.25,Upwork
1327,2025-06-28,транспорт,расход,7139.34,Яндекс.Такси
1328,2025-06-16,развлечения,расход,8084.53,ConcertHall
1329,2025-05-31,еда,расход,5655.74,Магнит
1330,2025-09-11,транспорт,расход,1293.91,BusCo
1331,2025-10-27,прочее,расход,6940.43,Разное
1332,2025-08-11,одежда,расход,4970.23,Ozon
1333,2025-10-01,прочее,расход,1786.59,Разное
1334,2025-09-23,зарплата,доход,97151.5,ООО 'ТехПро'
1335,2025-08-18,транспорт,расход,5978.77,Яндекс.Такси
1336,2025-10-03,еда,расход,6706.14,Burger King
1337,2025-09-06,развлечения,расход,4564.24,ConcertHall
1338,2025-06-15,здоровье,расход,2250.09,Семейная клиника
1339,2025-08-06,одежда,расход,580.45,Ozon
1340,2025-08-16,еда,расход,3711.6,Пятёрочка
1341,2025-07-01,еда,расход,9208.24,Магнит
1342,2025-08-22,зарплата,доход,81558.33,ООО 'Ромашка'
1343,2025-05-27,транспорт,расход,3950.84,Метро
1344,2025-08-16,транспорт,расход,5190.42,BusCo
1345,2025-09-07,здоровье,расход,8374.52,Аптека 'Фарм'
1346,2025-06-07,транспорт,расход,9778.62,BusCo
1347,2025-10-24,зарплата,доход,100627.42,ООО 'Ромашка'
1348,2025-09-27,образование,расход,1400.15,Онлайн-школа
1349,2025-07-11,развлечения,расход,349.13,ConcertHall
1350,2025-08-10,еда,расход,8688.62,Burger King
1351,2025-08-02,зарплата,доход,50354.76,ООО 'ТехПро'
1352,2025-07-07,еда,расход,8602.03,Макдоналдс
1353,2025-06-09,коммунальные,расход,3669.24,Водоканал
1354,2025-07-15,прочее,расход,2190.65,Разное
1355,2025-11-21,жильё,расход,54844.47,ЖКХ
1356,2025-08-20,еда,расход,5742.97,Delivery Club
1357,2025-08-21,еда,расход,4085.9,Delivery Club
1358,2025-09-13,еда,расход,4955.8,IKEA
1359,2025-07-11,здоровье,расход,1066.02,Аптека 'Фарм'
1360,2025-06-11,здоровье,расход,3741.52,Аптека 'Фарм'
1361,2025-10-29,одежда,расход,4410.16,H&M
1362,2025-05-30,транспорт,расход,6090.78,Метро
1363,2025-11-02,зарплата,доход,47274.2,АО 'Байт'
1364,2025-08-01,фриланс,доход,22919.38,Клиент A
1365,2025-10-15,транспорт,расход,4884.61,Метро
1366,2025-11-03,транспорт,расход,2849.02,BusCo
1367,2025-10-10,коммунальные,расход,3358.75,ГазСбыт
1368,2025-09-10,одежда,расход,2167.81,H&M
1369,2025-07-12,здоровье,расход,7564.39,Аптека 'Фарм'
1370,2025-11-12,транспорт,расход,3972.62,BlaBlaBus
1371,2025-10-17,жильё,расход,42960.93,Арендодатель
1372,2025-09-14,еда,расход,1573.89,Ашан
1373,2025-07-16,развлечения,расход,9684.32,Киномакс
1374,2025-08-20,фриланс,доход,33464.58,Фриланс
1375,2025-06-22,зарплата,доход,79845.16,АО 'Байт'
1376,2025-06-17,еда,расход,3904.32,Магнит
1377,2025-07-29,еда,расход,6215.47,Burger King
1378,2025-09-16,здоровье,расход,7639.19,Дентал-Про
1379,2025-07-25,еда,расход,4290.79,Burger King
1380,2025-08-09,еда,расход,5707.55,Ашан
1381,2025-05-26,подарки,доход,14330.9,Родственники
1382,2025-08-20,транспорт,расход,7048.19,BusCo
1383,2025-07-28,развлечения,расход,2776.79,Steam
1384,2025-10-25,развлечения,расход,8947.73,Клуб 'Ритм'
1385,2025-07-25,инвестиции,доход,12792.89,Брокер: Финам
1386,2025-09-07,транспорт,расход,3857.57,BlaBlaBus
1387,2025-10-13,одежда,расход,6902.61,Ozon
1388,2025-09-20,еда,расход,3941.74,Burger King
1389,2025-07-19,еда,расход,5358.46,Пятёрочка
1390,2025-07-17,зарплата,доход,36847.32,АО 'Байт'
1391,2025-05-28,прочее,расход,4584.63,Разное
1392,2025-08-13,еда,расход,1852.16,Ашан
1393,2025-11-02,здоровье,расход,456.44,Аптека 'Фарм'
1394,2025-10-22,транспорт,расход,1821.2,Метро
1395,2025-09-17,фриланс,доход,7403.53,Клиент A
1396,2025-08-01,транспорт,расход,8639.78,Яндекс.Такси
1397,2025-06-14,зарплата,доход,45341.06,ООО 'Ромашка'
1398,2025-06-13,развлечения,расход,7795.32,Клуб 'Ритм'
1399,2025-09-03,транспорт,расход,6878.72,BusCo
1400,2025-11-20,фриланс,доход,14977.29,Клиент A
1401,2025-10-17,прочее,расход,7593.61,Разное
1402,2025-06-04,одежда,расход,2073.67,Ozon
1403,2025-10-13,одежда,расход,4578.44,Zara
1404,2025-08-04,развлечения,расход,7186.61,Киномакс
1405,2025-10-27,еда,расход,9627.43,IKEA
1406,2025-09-30,коммунальные,расход,6967.79,Энергосбыт
1407,2025-09-18,развлечения,расход,5933.98,Клуб 'Ритм'
1408,2025-11-02,зарплата,доход,112439.91,ООО 'ТехПро'
1409,2025-09-01,развлечения,расход,4751.84,Киномакс
1410,2025-07-16,еда,расход,6108.86,Burger King
1411,2025-09-27,образование,расход,4485.95,Udemy
1412,2025-07-04,зарплата,доход,82384.55,АО 'Байт'
1413,2025-09-07,прочее,расход,4249.88,Разное
1414,2025-11-04,путешествия,расход,18899.86,Booking.com
1415,2025-07-10,подарки,доход,16229.74,Друзья
1416,2025-10-21,транспорт,расход,2443.04,Яндекс.Такси
1417,2025-09-17,еда,расход,1746.19,Burger King
1418,2025-09-19,еда,расход,7452.4,Макдоналдс
1419,2025-11-13,зарплата,доход,75135.6,ООО 'Ромашка'
1420,2025-06-20,еда,расход,5249.94,Burger King
1421,2025-06-07,фриланс,доход,24353.81,Upwork
1422,2025-07-17,развлечения,расход,740.84,Steam
1423,2025-08-27,еда,расход,3314.21,Burger King
1424,2025-10-15,фриланс,доход,7976.55,Фриланс
1425,2025-09-30,развлечения,расход,4081.04,Клуб 'Ритм'
1426,2025-09-27,образование,расход,4172.95,Онлайн-школа
1427,2025-06-25,развлечения,расход,7225.33,Клуб 'Ритм'
1428,2025-05-25,коммунальные,расход,492.41,ГазСбыт
1429,2025-07-23,транспорт,расход,4084.76,BlaBlaBus
1430,2025-07-08,транспорт,расход,6829.89,Метро
1431,2025-06-22,инвестиции,доход,7604.91,Брокер: Финам
1432,2025-08-19,транспорт,расход,671.22,Метро
1433,2025-08-01,инвестиции,доход,10634.48,Брокер: Финам
1434,2025-08-09,развлечения,расход,3073.48,ConcertHall
1435,2025-06-24,еда,расход,3500.23,Burger King
1436,2025-10-20,еда,расход,4621.41,Пятёрочка
1437,2025-08-01,еда,расход,543.82,Ашан
1438,2025-09-19,образование,расход,6810.11,Онлайн-школа
1439,2025-06-02,транспорт,расход,3361.48,Яндекс.Такси
1440,2025-10-31,подарки,доход,9696.03,Друзья
1441,2025-08-11,зарплата,доход,67330.44,АО 'Байт'
1442,2025-07-21,коммунальные,расход,7250.27,Водоканал
1443,2025-07-08,прочее,расход,3122.75,Разное
1444,2025-09-24,здоровье,расход,6878.98,Аптека 'Фарм'
1445,2025-08-14,путешествия,расход,17709.55,Booking.com
1446,2025-08-18,фриланс,доход,16062.57,Фриланс
1447,2025-10-02,фриланс,доход,59712.56,Клиент A
1448,2025-09-04,коммунальные,расход,275.2,Энергосбыт
1449,2025-10-12,транспорт,расход,4553.47,BusCo
1450,2025-07-20,коммунальные,расход,9340.49,ГазСбыт
1451,2025-08-17,транспорт,расход,798.41,Яндекс.Такси
1452,2025-09-22,инвестиции,доход,6061.95,Брокер: Финам
1453,2025-10-30,коммунальные,расход,4207.25,Энергосбыт
1454,2025-06-27,транспорт,расход,9779.86,Яндекс.Такси
1455,2025-11-05,еда,расход,8159.96,Магнит
1456,2025-07-20,образование,расход,1498.74,КурсПро
1457,2025-08-29,жильё,расход,18432.13,ЖКХ
1458,2025-06-29,транспорт,расход,552.15,Метро
1459,2025-07-25,возврат,доход,8154.33,Кэшбек банк
1460,2025-07-21,еда,расход,6588.05,Пятёрочка
1461,2025-06-10,образование,расход,8096.15,Онлайн-школа
1462,2025-11-21,еда,расход,3044.4,Пятёрочка
1463,2025-10-17,транспорт,расход,4467.18,Метро
1464,2025-06-07,развлечения,расход,147.82,Клуб 'Ритм'
1465,2025-10-04,коммунальные,расход,6526.46,Энергосбыт
1466,2025-08-09,коммунальные,расход,510.96,ГазСбыт
1467,2025-06-16,коммунальные,расход,4632.7,ГазСбыт
1468,2025-07-31,жильё,расход,31122.27,ЖСК
1469,2025-09-02,одежда,расход,4876.37,Wildberries
1470,2025-11-14,транспорт,расход,1805.25,Метро
1471,2025-06-18,коммунальные,расход,6705.32,Водоканал
1472,2025-08-01,фриланс,доход,41036.13,Фриланс
1473,2025-10-07,зарплата,доход,119366.65,ООО 'Ромашка'
1474,2025-05-29,еда,расход,3259.87,Burger King
1475,2025-05-25,одежда,расход,4354.25,H&M
1476,2025-11-14,развлечения,расход,3279.14,ConcertHall
1477,2025-09-04,образование,расход,3106.78,КурсПро
1478,2025-10-20,еда,расход,2161.45,Пятёрочка
1479,2025-06-06,еда,расход,6767.15,Пятёрочка
1480,2025-10-03,одежда,расход,2511.24,Zara
1481,2025-06-05,жильё,расход,50360.31,ЖСК
1482,2025-08-17,зарплата,доход,66585.06,ООО 'ТехПро'
1483,2025-06-22,фриланс,доход,36005.94,Фриланс
1484,2025-08-28,образование,расход,209.97,КурсПро
1485,2025-09-25,развлечения,расход,9785.73,Steam
1486,2025-08-06,еда,расход,86.66,IKEA
1487,2025-11-21,зарплата,доход,105445.32,ООО 'ТехПро'
1488,2025-10-16,зарплата,доход,82791.03,ООО 'Ромашка'
1489,2025-07-26,транспорт,расход,205.9,Метро
1490,2025-10-27,еда,расход,9241.99,Пятёрочка
1491,2025-06-05,здоровье,расход,6805.21,Дентал-Про
1492,2025-09-11,развлечения,расход,657.56,Клуб 'Ритм'
1493,2025-10-31,путешествия,расход,26638.77,Авиакомпания
1494,2025-08-31,подарки,доход,18574.47,Родственники
1495,2025-11-10,здоровье,расход,8648.8,Аптека 'Фарм'
1496,2025-07-11,коммунальные,расход,2021.06,ГазСбыт
1497,2025-05-31,здоровье,расход,415.74,Дентал-Про
1498,2025-08-20,одежда,расход,7506.38,Zara
1499,2025-07-05,образование,расход,5895.27,КурсПро
1500,2025-08-10,зарплата,доход,38390.66,АО 'Байт'
